{"x":[85.1833937464,44.2446477038,76.57085289],"error":0.9274213095,"datetime":"28\/10\/2023 12:57:04"}
{"x":[89.4425634337,44.2446477038,76.57085289],"error":0.9274554045,"datetime":"28\/10\/2023 12:57:04"}
{"x":[85.1833937464,46.456880089,76.57085289],"error":0.9274080487,"datetime":"28\/10\/2023 12:57:04"}
{"x":[85.1833937464,44.2446477038,80.3993955346],"error":0.9274416081,"datetime":"28\/10\/2023 12:57:04"}
{"x":[80.9242240591,45.719469294,79.123214653],"error":0.927388676,"datetime":"28\/10\/2023 12:57:04"}
{"x":[78.0847776009,46.2110764907,79.9740019074],"error":0.9273626694,"datetime":"28\/10\/2023 12:57:04"}
{"x":[80.4509829827,47.0304218185,75.0110762571],"error":0.9273512875,"datetime":"28\/10\/2023 12:57:05"}
{"x":[78.8735127281,47.9590131901,73.2149698313],"error":0.9273169966,"datetime":"28\/10\/2023 12:57:05"}
{"x":[76.2443956372,49.506665476,76.6023635291],"error":0.9273007873,"datetime":"28\/10\/2023 12:57:05"}
{"x":[73.2647296008,50.0,76.6128670754],"error":0.9272624693,"datetime":"28\/10\/2023 12:57:05"}
{"x":[68.2986195401,49.6565130315,76.630372986],"error":0.9271996416,"datetime":"28\/10\/2023 12:57:05"}
{"x":[62.6703614714,50.0,76.650213018],"error":0.9271095035,"datetime":"28\/10\/2023 12:57:05"}
{"x":[65.120958266,50.0,71.0113647091],"error":0.9271031453,"datetime":"28\/10\/2023 12:57:05"}
{"x":[60.7996851544,50.0,68.0238189764],"error":0.9269978763,"datetime":"28\/10\/2023 12:57:06"}
{"x":[52.2830047563,50.0,74.3096295486],"error":0.9268733695,"datetime":"28\/10\/2023 12:57:06"}
{"x":[43.419502099,50.0,74.674516121],"error":0.926606381,"datetime":"28\/10\/2023 12:57:06"}
{"x":[37.9949695491,50.0,69.6194983348],"error":0.926307851,"datetime":"28\/10\/2023 12:57:06"}
{"x":[26.2383828652,50.0,67.2883754213],"error":0.9253999349,"datetime":"28\/10\/2023 12:57:06"}
{"x":[24.301351941,50.0,63.3409273278],"error":0.9250776733,"datetime":"28\/10\/2023 12:57:06"}
{"x":[11.5116820975,50.0,58.9044987644],"error":0.9213083959,"datetime":"28\/10\/2023 12:57:06"}
{"x":[0.000001,50.0,65.8877745615],"error":0.2448470073,"datetime":"28\/10\/2023 12:57:07"}
{"x":[0.000001,50.0,65.1757597565],"error":0.2448471526,"datetime":"28\/10\/2023 12:57:07"}
{"x":[0.000001,50.0,53.3792497104],"error":0.2448494994,"datetime":"28\/10\/2023 12:57:07"}
{"x":[0.000001,50.0,51.4926399362],"error":0.2448498602,"datetime":"28\/10\/2023 12:57:07"}
{"x":[0.000001,50.0,54.9352773743],"error":0.2448491983,"datetime":"28\/10\/2023 12:57:07"}
{"x":[0.000001,50.0,64.6422278279],"error":0.2448472613,"datetime":"28\/10\/2023 12:57:07"}
{"x":[0.000001,50.0,70.2642701321],"error":0.2448461072,"datetime":"28\/10\/2023 12:57:07"}
{"x":[0.000001,50.0,75.8926102726],"error":0.2448449405,"datetime":"28\/10\/2023 12:57:07"}
{"x":[0.000001,50.0,82.6797977337],"error":0.2448435308,"datetime":"28\/10\/2023 12:57:07"}
{"x":[0.000001,50.0,91.9279711868],"error":0.2448416327,"datetime":"28\/10\/2023 12:57:07"}
{"x":[0.000001,50.0,91.1633428527],"error":0.2448417881,"datetime":"28\/10\/2023 12:57:07"}
{"x":[0.000001,50.0,100.0],"error":0.2448400171,"datetime":"28\/10\/2023 12:57:07"}
{"x":[0.000001,50.0,100.0],"error":0.2448400171,"datetime":"28\/10\/2023 12:57:07"}
{"x":[0.000001,50.0,100.0],"error":0.2448400171,"datetime":"28\/10\/2023 12:57:07"}
{"x":[0.000001,50.0,100.0],"error":0.2448400171,"datetime":"28\/10\/2023 12:57:07"}
{"x":[0.000001,50.0,100.0],"error":0.2448400171,"datetime":"28\/10\/2023 12:57:07"}
{"x":[0.000001,50.0,100.0],"error":0.2448400171,"datetime":"28\/10\/2023 12:57:07"}
