{"raw_weights":{},"x0":[85.1833937464,44.2446477038,76.57085289],"x_description":["k1","k-1","k2"],"bounds":[[0.000001,100],[0,50],[0.000001,100]],"maxiter":50000,"datetime":"28\/10\/2023 12:57:03"}
