{"x":[63.6961690952,13.4893356882,4.0973533526],"error":0.9220535001,"datetime":"28\/10\/2023 12:56:53"}
{"x":[66.8809775499,13.4893356882,4.0973533526],"error":0.9222030628,"datetime":"28\/10\/2023 12:56:53"}
{"x":[63.6961690952,14.1638024726,4.0973533526],"error":0.9219347744,"datetime":"28\/10\/2023 12:56:54"}
{"x":[63.6961690952,13.4893356882,4.3022210203],"error":0.9223263123,"datetime":"28\/10\/2023 12:56:54"}
{"x":[65.8193747317,13.9389802111,3.892485685],"error":0.9217764037,"datetime":"28\/10\/2023 12:56:54"}
{"x":[66.5271099439,14.0888617188,3.7559072399],"error":0.9215648199,"datetime":"28\/10\/2023 12:56:54"}
{"x":[62.3986545395,14.3386642315,3.8697226108],"error":0.9214865257,"datetime":"28\/10\/2023 12:56:54"}
{"x":[60.9045468694,14.621773746,3.7938456969],"error":0.9212172268,"datetime":"28\/10\/2023 12:56:54"}
{"x":[63.7223815104,15.0936229367,3.6673841737],"error":0.9210663779,"datetime":"28\/10\/2023 12:56:55"}
{"x":[63.7311189822,15.6283853529,3.524061114],"error":0.9206823674,"datetime":"28\/10\/2023 12:56:55"}
{"x":[63.7456814351,15.3955447391,3.2851893479],"error":0.9202127437,"datetime":"28\/10\/2023 12:56:55"}
{"x":[63.7621855484,15.8061254947,3.014468013],"error":0.9194142339,"datetime":"28\/10\/2023 12:56:55"}
{"x":[59.0714576562,16.6153280102,3.1323426427],"error":0.9191668811,"datetime":"28\/10\/2023 12:56:55"}
{"x":[56.586240227,17.4574834407,2.9244877769],"error":0.917975866,"datetime":"28\/10\/2023 12:56:55"}
{"x":[61.8151496357,17.9728891129,2.514832239],"error":0.9164623466,"datetime":"28\/10\/2023 12:56:56"}
{"x":[62.1186838911,19.0899275685,2.0884944198],"error":0.9112385645,"datetime":"28\/10\/2023 12:56:56"}
{"x":[57.9136207954,19.2739723164,1.8275723591],"error":0.9008810311,"datetime":"28\/10\/2023 12:56:56"}
{"x":[55.9744547332,20.4891679709,1.2620761075],"error":0.8134652956,"datetime":"28\/10\/2023 12:56:56"}
{"x":[52.6907336857,22.218260492,1.1689041898],"error":0.7498509071,"datetime":"28\/10\/2023 12:56:56"}
{"x":[49.0002497315,24.3556388245,0.5537162487],"error":0.2919065736,"datetime":"28\/10\/2023 12:56:57"}
{"x":[54.8093520102,25.1656728019,0.000001],"error":0.2437427887,"datetime":"28\/10\/2023 12:56:57"}
{"x":[54.217055938,27.7350692556,0.000001],"error":0.243702064,"datetime":"28\/10\/2023 12:56:57"}
{"x":[44.0091563773,29.2966564655,0.000001],"error":0.2436476761,"datetime":"28\/10\/2023 12:56:57"}
{"x":[37.9726472061,32.6988994311,0.000001],"error":0.2436233154,"datetime":"28\/10\/2023 12:56:57"}
{"x":[38.1521805171,36.0372370366,0.000001],"error":0.243618723,"datetime":"28\/10\/2023 12:56:57"}
{"x":[32.2114224451,41.2199267252,0.000001],"error":0.2436512973,"datetime":"28\/10\/2023 12:56:57"}
{"x":[37.894339376,39.9584983244,0.000001],"error":0.2436210453,"datetime":"28\/10\/2023 12:56:57"}
{"x":[21.7957221282,44.7280206059,0.000001],"error":0.2437904853,"datetime":"28\/10\/2023 12:56:57"}
{"x":[47.4626113942,31.2752674536,0.000001],"error":0.2436425826,"datetime":"28\/10\/2023 12:56:57"}
{"x":[28.5501666719,41.1878224079,0.000001],"error":0.2436799245,"datetime":"28\/10\/2023 12:56:57"}
{"x":[43.5225187438,33.340383069,0.000001],"error":0.2436236766,"datetime":"28\/10\/2023 12:56:57"}
{"x":[32.4902593224,39.1227067924,0.000001],"error":0.2436427332,"datetime":"28\/10\/2023 12:56:57"}
{"x":[41.2241313643,34.5450338447,0.000001],"error":0.2436184615,"datetime":"28\/10\/2023 12:56:57"}
{"x":[40.2077869655,40.994946706,0.000001],"error":0.2436154641,"datetime":"28\/10\/2023 12:56:58"}
{"x":[40.952833552,43.7602957977,0.000001],"error":0.2436165054,"datetime":"28\/10\/2023 12:56:58"}
{"x":[41.8283931887,34.4263134006,0.000001],"error":0.2436188432,"datetime":"28\/10\/2023 12:56:58"}
{"x":[41.0087986443,35.5788519264,0.000001],"error":0.2436163213,"datetime":"28\/10\/2023 12:56:58"}
{"x":[43.4749641323,38.0419846148,0.000001],"error":0.2436111462,"datetime":"28\/10\/2023 12:56:58"}
{"x":[45.2492253374,38.7102338075,0.000001],"error":0.243609366,"datetime":"28\/10\/2023 12:56:58"}
{"x":[43.0864092672,42.3109877819,0.000001],"error":0.2436096954,"datetime":"28\/10\/2023 12:56:58"}
{"x":[44.6868157357,45.7652602706,0.000001],"error":0.2436085702,"datetime":"28\/10\/2023 12:56:58"}
{"x":[45.9128214329,49.1607297187,0.000001],"error":0.2436095465,"datetime":"28\/10\/2023 12:56:58"}
{"x":[48.4738465947,43.5293745339,0.000001],"error":0.2436020587,"datetime":"28\/10\/2023 12:56:58"}
{"x":[51.2291998044,44.3741838099,0.000001],"error":0.2435995854,"datetime":"28\/10\/2023 12:56:58"}
{"x":[51.0237513178,43.5887974768,0.000001],"error":0.2436005674,"datetime":"28\/10\/2023 12:56:58"}
{"x":[52.7106192346,50.0,0.000001],"error":0.2435961795,"datetime":"28\/10\/2023 12:56:58"}
{"x":[55.1977505337,50.0,0.000001],"error":0.2435934228,"datetime":"28\/10\/2023 12:56:59"}
{"x":[60.2803187015,46.2100605872,0.000001],"error":0.2435978236,"datetime":"28\/10\/2023 12:56:59"}
{"x":[60.1144280419,50.0,0.000001],"error":0.2435912046,"datetime":"28\/10\/2023 12:56:59"}
{"x":[63.1446536166,50.0,0.000001],"error":0.2435916318,"datetime":"28\/10\/2023 12:56:59"}
{"x":[65.832465047,50.0,0.000001],"error":0.243592968,"datetime":"28\/10\/2023 12:56:59"}
{"x":[60.4827770468,50.0,0.000001],"error":0.2435911899,"datetime":"28\/10\/2023 12:56:59"}
{"x":[60.550263162,50.0,0.000001],"error":0.2435911893,"datetime":"28\/10\/2023 12:56:59"}
{"x":[69.1336869669,50.0,0.000001],"error":0.2435956693,"datetime":"28\/10\/2023 12:56:59"}
{"x":[58.1010706239,50.0,0.000001],"error":0.24359164,"datetime":"28\/10\/2023 12:56:59"}
{"x":[53.3447095049,50.0,0.000001],"error":0.24359536,"datetime":"28\/10\/2023 12:56:59"}
{"x":[63.230849309,50.0,0.000001],"error":0.2435916614,"datetime":"28\/10\/2023 12:56:59"}
{"x":[55.9463252428,50.0,0.000001],"error":0.2435928233,"datetime":"28\/10\/2023 12:56:59"}
{"x":[61.7132401286,50.0,0.000001],"error":0.2435912775,"datetime":"28\/10\/2023 12:56:59"}
{"x":[63.484216931,50.0,0.000001],"error":0.2435917537,"datetime":"28\/10\/2023 12:56:59"}
{"x":[59.2225594379,50.0,0.000001],"error":0.2435913219,"datetime":"28\/10\/2023 12:57:00"}
{"x":[62.3627281171,50.0,0.000001],"error":0.2435914057,"datetime":"28\/10\/2023 12:57:00"}
{"x":[59.8767612461,50.0,0.000001],"error":0.2435912245,"datetime":"28\/10\/2023 12:57:00"}
{"x":[58.6477281714,50.0,0.000001],"error":0.2435914607,"datetime":"28\/10\/2023 12:57:00"}
{"x":[61.0745918042,50.0,0.000001],"error":0.2435912061,"datetime":"28\/10\/2023 12:57:00"}
{"x":[61.2827607593,50.0,0.000001],"error":0.2435912234,"datetime":"28\/10\/2023 12:57:00"}
{"x":[60.989844194,50.0,0.000001],"error":0.2435912008,"datetime":"28\/10\/2023 12:57:00"}
{"x":[60.0284317944,50.0,0.000001],"error":0.2435912109,"datetime":"28\/10\/2023 12:57:00"}
{"x":[60.8566418021,50.0,0.000001],"error":0.2435911945,"datetime":"28\/10\/2023 12:57:00"}
{"x":[61.4834047302,50.0,0.000001],"error":0.2435912455,"datetime":"28\/10\/2023 12:57:00"}
{"x":[60.3996315186,50.0,0.000001],"error":0.2435911915,"datetime":"28\/10\/2023 12:57:00"}
{"x":[60.2145134611,50.0,0.000001],"error":0.2435911987,"datetime":"28\/10\/2023 12:57:00"}
{"x":[60.3760406971,50.0,0.000001],"error":0.2435911922,"datetime":"28\/10\/2023 12:57:01"}
{"x":[60.0273151163,50.0,0.000001],"error":0.243591211,"datetime":"28\/10\/2023 12:57:01"}
{"x":[60.6838654093,50.0,0.000001],"error":0.2435911899,"datetime":"28\/10\/2023 12:57:01"}
{"x":[60.7131326961,50.0,0.000001],"error":0.2435911904,"datetime":"28\/10\/2023 12:57:01"}
{"x":[60.8985426596,50.0,0.000001],"error":0.2435911962,"datetime":"28\/10\/2023 12:57:01"}
{"x":[60.5035713397,50.0,0.000001],"error":0.2435911896,"datetime":"28\/10\/2023 12:57:01"}
{"x":[60.4453339112,50.0,0.000001],"error":0.2435911905,"datetime":"28\/10\/2023 12:57:01"}
{"x":[60.6573412826,50.0,0.000001],"error":0.2435911896,"datetime":"28\/10\/2023 12:57:01"}
{"x":[60.4569184469,50.0,0.000001],"error":0.2435911903,"datetime":"28\/10\/2023 12:57:01"}
{"x":[60.6365847921,50.0,0.000001],"error":0.2435911894,