{"raw_weights":{},"x0":[63.6961690952,13.4893356882,4.0973533526],"x_description":["k1","k-1","k2"],"bounds":[[0.000001,100],[0,50],[0.000001,100]],"maxiter":50000,"datetime":"28\/10\/2023 12:56:49"}
