{"x":[95.415110342,38.3966045318,12.5970755528],"error":0.9254819308,"datetime":"28\/10\/2023 12:57:13"}
{"x":[100.0,38.3966045318,12.5970755528],"error":0.9255681541,"datetime":"28\/10\/2023 12:57:13"}
{"x":[95.415110342,40.3164347584,12.5970755528],"error":0.9254116082,"datetime":"28\/10\/2023 12:57:13"}
{"x":[95.415110342,38.3966045318,13.2269293305],"error":0.9256024368,"datetime":"28\/10\/2023 12:57:13"}
{"x":[98.4717034473,39.6764913495,11.9672217752],"error":0.9253614286,"datetime":"28\/10\/2023 12:57:14"}
{"x":[99.4905678158,40.1031202887,11.5473192568],"error":0.9252684254,"datetime":"28\/10\/2023 12:57:14"}
{"x":[93.5471923333,40.8141685208,11.8972380221],"error":0.9251979624,"datetime":"28\/10\/2023 12:57:14"}
{"x":[91.3962564443,41.6200231838,11.6639588452],"error":0.9250583119,"datetime":"28\/10\/2023 12:57:14"}
{"x":[95.4528460594,42.9631142889,11.2751602171],"error":0.9249983744,"datetime":"28\/10\/2023 12:57:14"}
{"x":[95.4654246318,44.4852842079,10.8345217718],"error":0.924810714,"datetime":"28\/10\/2023 12:57:14"}
{"x":[95.4863889193,43.8225170286,10.100124363],"error":0.9246076123,"datetime":"28\/10\/2023 12:57:15"}
{"x":[95.510148445,44.9912111187,9.2678072997],"error":0.9242424221,"datetime":"28\/10\/2023 12:57:15"}
{"x":[88.7573185317,47.2945587182,9.6302060211],"error":0.9240662171,"datetime":"28\/10\/2023 12:57:15"}
{"x":[85.1795687703,49.6917048613,8.9911682758],"error":0.9235176837,"datetime":"28\/10\/2023 12:57:15"}
{"x":[92.7071714538,50.0,7.731706053],"error":0.9230834554,"datetime":"28\/10\/2023 12:57:15"}
{"x":[93.1441431236,50.0,6.4209551223],"error":0.9220919562,"datetime":"28\/10\/2023 12:57:15"}
{"x":[87.0904822607,50.0,5.6187653601],"error":0.9209086807,"datetime":"28\/10\/2023 12:57:16"}
{"x":[84.2988348037,50.0,3.8801798895],"error":0.9170314212,"datetime":"28\/10\/2023 12:57:16"}
{"x":[79.5715493534,50.0,3.5937282253],"error":0.9149150729,"datetime":"28\/10\/2023 12:57:16"}
{"x":[74.2586829895,50.0,1.7023685339],"error":0.8007352528,"datetime":"28\/10\/2023 12:57:16"}
{"x":[82.6215385076,50.0,0.000001],"error":0.2436156088,"datetime":"28\/10\/2023 12:57:16"}
{"x":[81.7688617533,50.0,0.000001],"error":0.2436140255,"datetime":"28\/10\/2023 12:57:16"}
{"x":[67.0734432408,50.0,0.000001],"error":0.2435938552,"datetime":"28\/10\/2023 12:57:16"}
{"x":[58.3832099465,50.0,0.000001],"error":0.2435915416,"datetime":"28\/10\/2023 12:57:16"}
{"x":[58.6416683225,50.0,0.000001],"error":0.2435914624,"datetime":"28\/10\/2023 12:57:16"}
{"x":[50.0892794955,50.0,0.000001],"error":0.2436004925,"datetime":"28\/10\/2023 12:57:17"}
{"x":[58.2704770254,50.0,0.000001],"error":0.2435915794,"datetime":"28\/10\/2023 12:57:17"}
{"x":[35.094708443,50.0,0.000001],"error":0.2436654943,"datetime":"28\/10\/2023 12:57:17"}
{"x":[72.0450798137,50.0,0.000001],"error":0.2435988884,"datetime":"28\/10\/2023 12:57:17"}
{"x":[44.8184903826,50.0,0.000001],"error":0.2436144075,"datetime":"28\/10\/2023 12:57:17"}
{"x":[66.3728736822,50.0,0.000001],"error":0.2435933345,"datetime":"28\/10\/2023 12:57:17"}
{"x":[50.4906965141,50.0,0.000001],"error":0.2435997306,"datetime":"28\/10\/2023 12:57:17"}
{"x":[63.0640867722,50.0,0.000001],"error":0.243591605,"datetime":"28\/10\/2023 12:57:17"}
{"x":[53.7994834241,50.0,0.000001],"error":0.2435948226,"datetime":"28\/10\/2023 12:57:17"}
{"x":[61.1339610747,50.0,0.000001],"error":0.2435912105,"datetime":"28\/10\/2023 12:57:17"}
{"x":[60.5020825371,50.0,0.000001],"error":0.2435911896,"datetime":"28\/10\/2023 12:57:17"}
{"x":[61.245951041,50.0,0.000001],"error":0.2435912199,"datetime":"28\/10\/2023 12:57:17"}
{"x":[61.801931343,50.0,0.000001],"error":0.2435912918,"datetime":"28\/10\/2023 12:57:17"}
{"x":[63.6503149806,50.0,0.000001],"error":0.2435918185,"datetime":"28\/10\/2023 12:57:17"}
{"x":[59.6851363763,50.0,0.000001],"error":0.2435912465,"datetime":"28\/10\/2023 12:57:18"}
{"x":[59.0788553157,50.0,0.000001],"error":0.2435913519,"datetime":"28\/10\/2023 12:57:18"}
{"x":[61.2346238373,50.0,0.000001],"error":0.2435912189,"datetime":"28\/10\/2023 12:57:18"}
{"x":[62.2286419231,50.0,0.000001],"error":0.2435913747,"datetime":"28\/10\/2023 12:57:18"}
{"x":[60.2150333652,50.0,0.000001],"error":0.2435911987,"datetime":"28\/10\/2023 12:57:18"}
{"x":[59.9994274807,50.0,0.000001],"error":0.2435912132,"datetime":"28\/10\/2023 12:57:18"}
{"x":[60.256760055,50.0,0.000001],"error":0.2435911966,"datetime":"28\/10\/2023 12:57:18"}
{"x":[59.5152895635,50.0,0.000001],"error":0.2435912705,"datetime":"28\/10\/2023 12:57:18"}
{"x":[60.7967378432,50.0,0.000001],"error":0.2435911924,"datetime":"28\/10\/2023 12:57:18"}
{"x":[60.8220202583,50.0,0.000001],"error":0.2435911932,"datetime":"28\/10\/2023 12:57:18"}
{"x":[61.1571337041,50.0,0.000001],"error":0.2435912123,"datetime":"28\/10\/2023 12:57:18"}
{"x":[60.4443378985,50.0,0.000001],"error":0.2435911905,"datetime":"28\/10\/2023 12:57:18"}
{"x":[60.3400852609,50.0,0.000001],"error":0.2435911933,"datetime":"28\/10\/2023 12:57:18"}
{"x":[60.7216171338,50.0,0.000001],"error":0.2435911906,"datetime":"28\/10\/2023 12:57:18"}
{"x":[60.3152872031,50.0,0.000001],"error":0.2435911942,"datetime":"28\/10\/2023 12:57:18"}
{"x":[60.6964356265,50.0,0.000001],"error":0.2435911901,"datetime":"28\/10\/2023 12:57:18"}
{"x":[60.3736202409,50.0,0.000001],"error":0.2435911922,"datetime":"28\/10\/2023 12:57:19"}
{"x":[60.6491177811,50.0,0.000001],"error":0.2435911895,"datetime":"28\/10\/2023 12:57:19"}
{"x":[60.787419398,50.0,0.000001],"error":0.2435911922,"datetime":"28\/10\/2023 12:57:19"}
{"x":[60.5158132109,50.0,0.000001],"error":0.2435911895,"datetime":"28\/10\/2023 12:57:19"}
{"x":[60.4149067263,50.0,0.000001],"error":0.2435911911,"datetime":"28\/10\/2023 12:57:19"}
{"x":[60.6377837723,50.0,0.000001],"error":0.2435911894,"datetime":"28\/10\/2023 12:57:19"}
{"x":[60.6997273058,50.0,0.000001],"error":0.2435911902,"datetime":"28\/10\/2023 12:57:19"}
{"x":[60.5432585306,50.0,0.000001],"error":0.2435911893,"datetime":"28\/10\/2023 12:57:19"}
{"x":[60.482119228,50.0,0.000001],"error":0.2435911899,"datetime":"28\/10\/2023 12:57:19"}
{"x":[60.6143264159,50.0,0.000001],"error":0.2435911893,"datetime":"28\/10\/2023 12:57:19"}
{"x":[60.6810992683,50.0,0.000001],"error":0.2435911899,"datetime":"28\/10\/2023 12:57:19"}
{"x":[60.5502478062,50.0,0.000001],"error":0.2435911893,"datetime":"28\/10\/2023 12:57:19"}
{"x":[60.5007713962,50.0,0.000001],"error":0.2435911896,"datetime":"28\/10\/2023 12:57:19"}
{"x":[60.6092395273,50.0,0.000001],"error":0.2435911892,"datetime":"28\/10\/2023 12:57:19"}
{"x":[60.639283969,50.0,0.000001],"error":0.2435911894,"datetime":"28\/10\/2023 12:57:19"}
{"x":[60.5632638302,50.0,0.000001],"error":0.2435911892,"datetime":"28\/10\/2023 12:57:19"}
{"x":[60.5341743599,50.0,0.000001],"error":0.2435911893,"datetime":"28\/10\/2023 12:57:19"}
{"x":[60.5976280709,50.0,0.000001],"error":0.2435911892,"datetime":"28\/10\/2023 12:57:20"}
{"x":[60.6298398127,50.0,0.000001],"error":0.2435911894,"datetime":"28\/10\/2023 12:57:20"}
{"x":[60.5668294742,50.0,0.000001],"error":0.2435911892,"datetime":"28\/10\/2023 12:57:20"}
{"x":[60.542574723,50.0,0.000001],"error":0.2435911893,"datetime":"28\/10\/2023 12:57:20"}
{"x":[60.5953510264,50.0,0.000001],"error":0.2435911892,"datetime":"28\/10\/2023 12:57:20"}
{"x":[60.6099418841,50.0,0.000001],"error":0.2435911892,"datetime":"28\/10\/2023 12:57:20"}
{"x":[60.5729884248,50.0,0.000001],"error":0.2435911892,"datetime":"28\/10\/2023 12:57:20"}
{"x":[60.5591512127,50.0,0.000001],"error":0.2435911892,"datetime":"28\/10\/2023 12:57:20"}
{"x":[60.5896120588,50.0,0.000001],"error":0.2435911892,"datetime":"28\/10\/2023 12:57:20"}
{"x":[60.6051381991,50.0,0.000001],"error":0.2435911892,"datetime":"28\/10\/2023 12:57:20"}
{"x":[60.5748104586,50.0,0.000001],"error":0.2435911892,"datetime":"28\/10\/2023 12:57:20"}
{"x":[60.5629229351,50.0,0.000001],"error":0.2435911892,"datetime":"28\/10\/2023 12:57:20"}
{"x":[60.588595174,50.0,0.000001],"error":0.2435911892,