{"raw_weights":{},"x0":[95.415110342,38.3966045318,12.5970755528],"x_description":["k1","k-1","k2"],"bounds":[[0.000001,100],[0,50],[0.000001,100]],"maxiter":50000,"datetime":"28\/10\/2023 12:57:13"}
