{"x":[94.3056106142,25.5663776407,97.6243705945],"error":0.9276476975,"datetime":"28\/10\/2023 12:56:53"}
{"x":[99.0208911449,25.5663776407,97.6243705945],"error":0.9276702227,"datetime":"28\/10\/2023 12:56:53"}
{"x":[94.3056106142,26.8446965228,97.6243705945],"error":0.9276426763,"datetime":"28\/10\/2023 12:56:53"}
{"x":[94.3056106142,25.5663776407,100.0],"error":0.927652646,"datetime":"28\/10\/2023 12:56:54"}
{"x":[89.5903300835,26.4185902287,99.2081235315],"error":0.9276224506,"datetime":"28\/10\/2023 12:56:54"}
{"x":[86.4468097297,26.7026610914,99.7360411772],"error":0.9276038328,"datetime":"28\/10\/2023 12:56:54"}
{"x":[89.0664100245,27.1761125292,96.6565215775],"error":0.9276104223,"datetime":"28\/10\/2023 12:56:54"}
{"x":[85.5736096314,28.2492691215,98.3869183049],"error":0.9275884844,"datetime":"28\/10\/2023 12:56:54"}
{"x":[82.6629426371,29.1435662818,98.6411008751],"error":0.9275655708,"datetime":"28\/10\/2023 12:56:54"}
{"x":[77.81183098,28.5035300789,99.0647384919],"error":0.9275335145,"datetime":"28\/10\/2023 12:56:55"}
{"x":[72.3139044353,29.0564745976,99.5448611244],"error":0.9274845623,"datetime":"28\/10\/2023 12:56:55"}
{"x":[71.8826945102,29.4256887847,100.0],"error":0.9274797927,"datetime":"28\/10\/2023 12:56:55"}
{"x":[66.1547893388,30.1755475365,100.0],"error":0.9274157878,"datetime":"28\/10\/2023 12:56:55"}
{"x":[60.9742812111,32.2143978525,99.0546001558],"error":0.9273345392,"datetime":"28\/10\/2023 12:56:55"}
{"x":[52.4834383716,34.0516434395,98.8274531487],"error":0.9271801886,"datetime":"28\/10\/2023 12:56:55"}
{"x":[44.6384787933,33.0455441006,100.0],"error":0.9270127491,"datetime":"28\/10\/2023 12:56:55"}
{"x":[31.9636575121,34.3462033735,100.0],"error":0.9265075877,"datetime":"28\/10\/2023 12:56:56"}
{"x":[28.0873523797,36.6591216354,99.6734409747],"error":0.9262273902,"datetime":"28\/10\/2023 12:56:56"}
{"x":[13.3451683612,39.1933373147,99.7163009248],"error":0.9238516801,"datetime":"28\/10\/2023 12:56:56"}
{"x":[0.000001,41.5519085486,99.0291693823],"error":0.244841304,"datetime":"28\/10\/2023 12:56:56"}
{"x":[0.000001,45.344028886,98.7055591765],"error":0.2448408789,"datetime":"28\/10\/2023 12:56:56"}
{"x":[0.000001,45.2040696099,100.0],"error":0.2448406378,"datetime":"28\/10\/2023 12:56:56"}
{"x":[0.000001,48.9215450001,100.0],"error":0.2448401569,"datetime":"28\/10\/2023 12:56:56"}
{"x":[0.000001,50.0,98.9479067342],"error":0.2448402247,"datetime":"28\/10\/2023 12:56:56"}
{"x":[0.000001,50.0,98.7193430156],"error":0.24484027,"datetime":"28\/10\/2023 12:56:56"}
{"x":[0.000001,50.0,99.7392739901],"error":0.2448400684,"datetime":"28\/10\/2023 12:56:56"}
{"x":[0.000001,50.0,100.0],"error":0.2448400171,"datetime":"28\/10\/2023 12:56:56"}
{"x":[0.000001,49.28103,100.0],"error":0.2448401103,"datetime":"28\/10\/2023 12:56:56"}
{"x":[0.000001,48.8017166667,100.0],"error":0.2448401724,"datetime":"28\/10\/2023 12:56:56"}
{"x":[0.000001,49.0513590278,100.0],"error":0.2448401401,"datetime":"28\/10\/2023 12:56:56"}
{"x":[0.000001,49.9667143519,100.0],"error":0.2448400214,"datetime":"28\/10\/2023 12:56:56"}
{"x":[0.000001,50.0,100.0],"error":0.2448400171,"datetime":"28\/10\/2023 12:56:56"}
{"x":[0.000001,50.0,100.0],"error":0.2448400171,"datetime":"28\/10\/2023 12:56:56"}
{"x":[0.000001,50.0,100.0],"error":0.2448400171,"datetime":"28\/10\/2023 12:56:56"}
{"x":[0.000001,50.0,100.0],"error":0.2448400171,"datetime":"28\/10\/2023 12:56:56"}
