{"raw_weights":{},"x0":[94.3056106142,25.5663776407,97.6243705945],"x_description":["k1","k-1","k2"],"bounds":[[0.000001,100],[0,50],[0.000001,100]],"maxiter":50000,"datetime":"28\/10\/2023 12:56:49"}
