{"x":[33.0268843367,20.258865782,57.473782358],"error":0.9264411891,"datetime":"28\/10\/2023 12:57:00"}
{"x":[34.6782285535,20.258865782,57.473782358],"error":0.9265233132,"datetime":"28\/10\/2023 12:57:01"}
{"x":[33.0268843367,21.2718090711,57.473782358],"error":0.9264187314,"datetime":"28\/10\/2023 12:57:01"}
{"x":[33.0268843367,20.258865782,60.3474714759],"error":0.9264750384,"datetime":"28\/10\/2023 12:57:01"}
{"x":[31.3755401198,20.934161308,59.3895751032],"error":0.9263587554,"datetime":"28\/10\/2023 12:57:01"}
{"x":[30.2746439753,21.1592598167,60.028172685],"error":0.92629527,"datetime":"28\/10\/2023 12:57:01"}
{"x":[31.1920574291,21.5344239979,56.3030201248],"error":0.926293462,"datetime":"28\/10\/2023 12:57:01"}
{"x":[30.5804484599,21.9596100698,54.9548696744],"error":0.9262256414,"datetime":"28\/10\/2023 12:57:01"}
{"x":[29.5611001779,22.6682535231,57.4974341203],"error":0.9261787517,"datetime":"28\/10\/2023 12:57:02"}
{"x":[28.4058387916,23.4713827702,57.505318041],"error":0.9260767209,"datetime":"28\/10\/2023 12:57:02"}
{"x":[26.4804031478,23.1216927001,57.518457909],"error":0.9259335243,"datetime":"28\/10\/2023 12:57:02"}
{"x":[24.2982427516,23.7383205764,57.5333497593],"error":0.9257125897,"datetime":"28\/10\/2023 12:57:02"}
{"x":[25.2483760268,24.9536157942,53.3008522981],"error":0.9256906026,"datetime":"28\/10\/2023 12:57:02"}
{"x":[23.5729533773,26.21840112,51.0584121692],"error":0.9254191498,"datetime":"28\/10\/2023 12:57:02"}
{"x":[20.2709081538,26.9924595746,55.776516972],"error":0.9250601883,"datetime":"28\/10\/2023 12:57:02"}
{"x":[16.8343947184,28.6700760762,56.0503994045],"error":0.9243505124,"datetime":"28\/10\/2023 12:57:03"}
{"x":[14.7312217732,28.9464824116,52.2561228476],"error":0.9236546278,"datetime":"28\/10\/2023 12:57:03"}
{"x":[10.1730161004,30.7715156254,50.5063911165],"error":0.9213649251,"datetime":"28\/10\/2023 12:57:03"}
{"x":[9.4220000458,33.3683413047,47.5434520341],"error":0.920346769,"datetime":"28\/10\/2023 12:57:03"}
{"x":[4.4632524772,36.5783482141,44.2134861257],"error":0.8943572079,"datetime":"28\/10\/2023 12:57:03"}
{"x":[0.000001,37.7948921571,49.4551055953],"error":0.2448516067,"datetime":"28\/10\/2023 12:57:03"}
{"x":[0.000001,41.6537225027,48.9206700706],"error":0.2448512431,"datetime":"28\/10\/2023 12:57:03"}
{"x":[0.000001,43.9989814853,39.7099654707],"error":0.2448524575,"datetime":"28\/10\/2023 12:57:03"}
{"x":[0.000001,50.0,38.0563566616],"error":0.2448519654,"datetime":"28\/10\/2023 12:57:03"}
{"x":[0.000001,50.0,40.2445086762],"error":0.2448516238,"datetime":"28\/10\/2023 12:57:03"}
{"x":[0.000001,50.0,45.1043914682],"error":0.2448508671,"datetime":"28\/10\/2023 12:57:03"}
{"x":[0.000001,50.0,46.9025334674],"error":0.2448505871,"datetime":"28\/10\/2023 12:57:03"}
{"x":[0.000001,44.4358150018,52.6554514812],"error":0.2448503277,"datetime":"28\/10\/2023 12:57:03"}
{"x":[0.000001,42.5810866691,57.5218164211],"error":0.2448497113,"datetime":"28\/10\/2023 12:57:03"}
{"x":[0.000001,39.4898727812,61.9855046299],"error":0.2448492388,"datetime":"28\/10\/2023 12:57:03"}
{"x":[0.000001,35.9864970416,69.2325032811],"error":0.2448482294,"datetime":"28\/10\/2023 12:57:03"}
{"x":[0.000001,44.0579999711,66.8505653758],"error":0.24484764,"datetime":"28\/10\/2023 12:57:03"}
{"x":[0.000001,44.8594257939,72.8271971441],"error":0.2448462954,"datetime":"28\/10\/2023 12:57:03"}
{"x":[0.000001,32.2846730031,86.1518110968],"error":0.2448451741,"datetime":"28\/10\/2023 12:57:03"}
{"x":[0.000001,26.3795640041,99.23490364],"error":0.2448431772,"datetime":"28\/10\/2023 12:57:03"}
{"x":[0.000001,28.902571224,100.0],"error":0.2448427066,"datetime":"28\/10\/2023 12:57:03"}
{"x":[0.000001,24.3430660756,100.0],"error":0.2448432689,"datetime":"28\/10\/2023 12:57:04"}
{"x":[0.000001,30.7745436397,100.0],"error":0.2448424733,"datetime":"28\/10\/2023 12:57:04"}
{"x":[0.000001,29.037225839,100.0],"error":0.2448426899,"datetime":"28\/10\/2023 12:57:04"}
{"x":[0.000001,12.5116934513,100.0],"error":0.2448446859,"datetime":"28\/10\/2023 12:57:04"}
{"x":[0.000001,19.250804356,100.0],"error":0.2448438862,"datetime":"28\/10\/2023 12:57:04"}
{"x":[0.000001,38.1203148892,99.48993576],"error":0.2448416503,"datetime":"28\/10\/2023 12:57:04"}
{"x":[0.000001,44.4101517336,99.3199143466],"error":0.2448408766,"datetime":"28\/10\/2023 12:57:04"}
{"x":[0.000001,43.0119470607,100.0],"error":0.2448409203,"datetime":"28\/10\/2023 12:57:04"}
{"x":[0.000001,49.8951903986,99.5466095644],"error":0.24484012,"datetime":"28\/10\/2023 12:57:04"}
{"x":[0.000001,50.0,99.3954794192],"error":0.2448401362,"datetime":"28\/10\/2023 12:57:04"}
{"x":[0.000001,50.0,99.244349274],"error":0.2448401661,"datetime":"28\/10\/2023 12:57:04"}
{"x":[0.000001,50.0,98.7405821234],"error":0.2448402658,"datetime":"28\/10\/2023 12:57:04"}
{"x":[0.000001,50.0,99.0344462946],"error":0.2448402076,"datetime":"28\/10\/2023 12:57:04"}
{"x":[0.000001,49.9301269324,99.8096879653],"error":0.2448400636,"datetime":"28\/10\/2023 12:57:04"}
{"x":[0.000001,49.9068359099,100.0],"error":0.2448400291,"datetime":"28\/10\/2023 12:57:04"}
{"x":[0.000001,49.868017539,100.0],"error":0.2448400342,"datetime":"28\/10\/2023 12:57:04"}
{"x":[0.000001,49.7800292317,100.0],"error":0.2448400456,"datetime":"28\/10\/2023 12:57:04"}
{"x":[0.000001,49.8080647218,100.0],"error":0.244840042,"datetime":"28\/10\/2023 12:57:04"}
{"x":[0.000001,49.9419162154,100.0],"error":0.2448400246,"datetime":"28\/10\/2023 12:57:04"}
{"x":[0.000001,49.9958785433,100.0],"error":0.2448400176,"datetime":"28\/10\/2023 12:57:04"}
{"x":[0.000001,50.0,100.0],"error":0.2448400171,"datetime":"28\/10\/2023 12:57:04"}
{"x":[0.000001,50.0,100.0],"error":0.2448400171,"datetime":"28\/10\/2023 12:57:04"}
{"x":[0.000001,50.0,100.0],"error":0.2448400171,"datetime":"28\/10\/2023 12:57:04"}
{"x":[0.000001,50.0,100.0],"error":0.2448400171,"datetime":"28\/10\/2023 12:57:04"}
{"x":[0.000001,50.0,100.0],"error":0.2448400171,"datetime":"28\/10\/2023 12:57:04"}
{"x":[0.000001,50.0,100.0],"error":0.2448400171,"datetime":"28\/10\/2023 12:57:04"}
