{"x":[50.1711962134,26.9667703103,13.5874210597],"error":0.9248096855,"datetime":"28\/10\/2023 12:57:11"}
{"x":[52.6797560241,26.9667703103,13.5874210597],"error":0.9249339724,"datetime":"28\/10\/2023 12:57:12"}
{"x":[50.1711962134,28.3151088258,13.5874210597],"error":0.9247235775,"datetime":"28\/10\/2023 12:57:12"}
{"x":[50.1711962134,26.9667703103,14.2667921126],"error":0.9249433312,"datetime":"28\/10\/2023 12:57:12"}
{"x":[51.8435694205,27.865662654,12.9080500067],"error":0.9246905485,"datetime":"28\/10\/2023 12:57:12"}
{"x":[52.4010271562,28.1652934352,12.4551359714],"error":0.9245922227,"datetime":"28\/10\/2023 12:57:12"}
{"x":[49.1491903646,28.6646780706,12.8325643341],"error":0.9244708164,"datetime":"28\/10\/2023 12:57:12"}
{"x":[47.9723351448,29.230647324,12.5809454256],"error":0.9242955815,"datetime":"28\/10\/2023 12:57:12"}
{"x":[50.1918427962,30.1739294131,12.1615805781],"error":0.924252435,"datetime":"28\/10\/2023 12:57:13"}
{"x":[50.1987249905,31.2429824473,11.6863004176],"error":0.924036265,"datetime":"28\/10\/2023 12:57:13"}
{"x":[50.2101953143,30.7775066452,10.8941668167],"error":0.9238130873,"datetime":"28\/10\/2023 12:57:13"}
{"x":[50.2231950146,31.5983059183,9.9964154024],"error":0.9233999238,"datetime":"28\/10\/2023 12:57:13"}
{"x":[46.528476277,33.2159970246,10.387304859],"error":0.9231327076,"datetime":"28\/10\/2023 12:57:13"}
{"x":[44.5709593173,34.8995648877,9.6980278216],"error":0.9224646209,"datetime":"28\/10\/2023 12:57:13"}
{"x":[48.6895844034,35.9299215115,8.3395503354],"error":0.9219596728,"datetime":"28\/10\/2023 12:57:14"}
{"x":[48.9286674896,38.1630129074,6.925751972],"error":0.9205311526,"datetime":"28\/10\/2023 12:57:14"}
{"x":[45.6164895571,38.5309400283,6.0604963797],"error":0.9188836531,"datetime":"28\/10\/2023 12:57:14"}
{"x":[44.089077746,40.9602592219,4.1852283671],"error":0.9102069032,"datetime":"28\/10\/2023 12:57:14"}
{"x":[41.5026080207,44.4169187596,3.8762567047],"error":0.8993059558,"datetime":"28\/10\/2023 12:57:14"}
{"x":[38.5957456894,48.6897897067,1.8362038055],"error":0.6403144631,"datetime":"28\/10\/2023 12:57:14"}
{"x":[43.171367966,50.0,0.000001],"error":0.2436204529,"datetime":"28\/10\/2023 12:57:14"}
{"x":[42.7048375156,50.0,0.000001],"error":0.2436223322,"datetime":"28\/10\/2023 12:57:14"}
{"x":[34.9754601113,50.0,0.000001],"error":0.2436663891,"datetime":"28\/10\/2023 12:57:15"}
{"x":[33.7393047652,50.0,0.000001],"error":0.2436761337,"datetime":"28\/10\/2023 12:57:15"}
{"x":[35.995009539,50.0,0.000001],"error":0.2436589844,"datetime":"28\/10\/2023 12:57:15"}
{"x":[42.3552536457,50.0,0.000001],"error":0.243623791,"datetime":"28\/10\/2023 12:57:15"}
{"x":[46.0389606558,50.0,0.000001],"error":0.2436104866,"datetime":"28\/10\/2023 12:57:15"}
{"x":[49.7267941707,50.0,0.000001],"error":0.2436012137,"datetime":"28\/10\/2023 12:57:15"}
{"x":[54.173934316,50.0,0.000001],"error":0.2435944109,"datetime":"28\/10\/2023 12:57:15"}
{"x":[60.2335759083,50.0,0.000001],"error":0.2435911977,"datetime":"28\/10\/2023 12:57:15"}
{"x":[59.7325717176,50.0,0.000001],"error":0.2435912405,"datetime":"28\/10\/2023 12:57:15"}
{"x":[69.9572598984,50.0,0.000001],"error":0.2435965058,"datetime":"28\/10\/2023 12:57:15"}
{"x":[76.8888108455,50.0,0.000001],"error":0.2436056912,"datetime":"28\/10\/2023 12:57:15"}
{"x":[55.3855476446,50.0,0.000001],"error":0.2435932629,"datetime":"28\/10\/2023 12:57:15"}
{"x":[46.943870282,50.0,0.000001],"error":0.2436078665,"datetime":"28\/10\/2023 12:57:15"}
{"x":[65.1628037283,50.0,0.000001],"error":0.2435925578,"datetime":"28\/10\/2023 12:57:16"}
{"x":[68.0337532582,50.0,0.000001],"error":0.2435946497,"datetime":"28\/10\/2023 12:57:16"}
{"x":[58.0205904808,50.0,0.000001],"error":0.2435916704,"datetime":"28\/10\/2023 12:57:16"}
{"x":[53.4950216762,50.0,0.000001],"error":0.2435951778,"datetime":"28\/10\/2023 12:57:16"}
{"x":[62.7320158008,50.0,0.000001],"error":0.2435915029,"datetime":"28\/10\/2023 12:57:16"}
{"x":[63.778185137,50.0,0.000001],"error":0.2435918706,"datetime":"28\/10\/2023 12:57:16"}
{"x":[59.2200893675,50.0,0.000001],"error":0.2435913224,"datetime":"28\/10\/2023 12:57:16"}
{"x":[56.7254755282,50.0,0.000001],"error":0.2435923049,"datetime":"28\/10\/2023 12:57:16"}
{"x":[61.480653244,50.0,0.000001],"error":0.2435912452,"datetime":"28\/10\/2023 12:57:16"}
{"x":[61.7444445458,50.0,0.000001],"error":0.2435912824,"datetime":"28\/10\/2023 12:57:16"}
{"x":[61.218537217,50.0,0.000001],"error":0.2435912174,"datetime":"28\/10\/2023 12:57:16"}
{"x":[59.3091366513,50.0,0.000001],"error":0.2435913054,"datetime":"28\/10\/2023 12:57:16"}
{"x":[61.0282539538,50.0,0.000001],"error":0.2435912031,"datetime":"28\/10\/2023 12:57:16"}
{"x":[61.9210063351,50.0,0.000001],"error":0.2435913125,"datetime":"28\/10\/2023 12:57:16"}
{"x":[60.1884955963,50.0,0.000001],"error":0.2435912001,"datetime":"28\/10\/2023 12:57:17"}
{"x":[59.748346422,50.0,0.000001],"error":0.2435912386,"datetime":"28\/10\/2023 12:57:17"}
{"x":[60.912247468,50.0,0.000001],"error":0.2435911968,"datetime":"28\/10\/2023 12:57:17"}
{"x":[59.8612920279,50.0,0.000001],"error":0.2435912261,"datetime":"28\/10\/2023 12:57:17"}
{"x":[60.7851368859,50.0,0.000001],"error":0.2435911921,"datetime":"28\/10\/2023 12:57:17"}
{"x":[61.0988112452,50.0,0.000001],"error":0.2435912078,"datetime":"28\/10\/2023 12:57:17"}
{"x":[60.3781446898,50.0,0.000001],"error":0.2435911921,"datetime":"28\/10\/2023 12:57:17"}
{"x":[61.1501101209,50.0,0.000001],"error":0.2435912117,"datetime":"28\/10\/2023 12:57:17"}
{"x":[60.4245205359,50.0,0.000001],"error":0.2435911909,"datetime":"28\/10\/2023 12:57:17"}
{"x":[60.1462872731,50.0,0.000001],"error":0.2435912026,"datetime":"28\/10\/2023 12:57:17"}
{"x":[60.7526724274,50.0,0.000001],"error":0.2435911912,"datetime":"28\/10\/2023 12:57:17"}
{"x":[60.9300752097,50.0,0.000001],"error":0.2435911977,"datetime":"28\/10\/2023 12:57:17"}
{"x":[60.4931302148,50.0,0.000001],"error":0.2435911897,"datetime":"28\/10\/2023 12:57:17"}
{"x":[60.3284118995,50.0,0.000001],"error":0.2435911937,"datetime":"28\/10\/2023 12:57:18"}
{"x":[60.6899858471,50.0,0.000001],"error":0.24359119,"datetime":"28\/10\/2023 12:57:18"}
{"x":[60.3190853045,50.0,0.000001],"error":0.243591194,"datetime":"28\/10\/2023 12:57:18"}
{"x":[60.6623417768,50.0,0.000001],"error":0.2435911896,"datetime":"28\/10\/2023 12:57:18"}
{"x":[60.8057846899,50.0,0.000001],"error":0.2435911927,"datetime":"28\/10\/2023 12:57:18"}
{"x":[60.503950568,50.0,0.000001],"error":0.2435911896,"datetime":"28\/10\/2023 12:57:18"}
{"x":[60.4162958593,50.0,0.000001],"error":0.2435911911,"datetime":"28\/10\/2023 12:57:18"}
{"x":[60.6329670996,50.0,0.000001],"error":0.2435911894,"datetime":"28\/10\/2023 12:57:18"}
{"x":[60.7063760815,50.0,0.000001],"error":0.2435911903,"datetime":"28\/10\/2023 12:57:18"}
{"x":[60.537556437,50.0,0.000001],"error":0.2435911893,"datetime":"28\/10\/2023 12:57:18"}
{"x":[60.453974293,50.0,0.000001],"error":0.2435911903,"datetime":"28\/10\/2023 12:57:18"}
{"x":[60.6189318843,50.0,0.000001],"error":0.2435911893,"datetime":"28\/10\/2023 12:57:18"}
{"x":[60.6890197127,50.0,0.000001],"error":0.24359119,"datetime":"28\/10\/2023 12:57:18"}
{"x":[60.5425066398,50.0,0.000001],"error":0.2435911893,"datetime":"28\/10\/2023 12:57:18"}
{"x":[60.4996962078,50.0,0.000001],"error":0.2435911897,"datetime":"28\/10\/2023 12:57:18"}
{"x":[60.6052023305,50.0,0.000001],"error":0.2435911892,"datetime":"28\/10\/2023 12:57:18"}
{"x":[60.6402041327,50.0,0.000001],"error":0.2435911894,"datetime":"28\/10\/2023 12:57:19"}
{"x":[60.5589413736,50.0,0.000001],"error":0.2435911892,"datetime":"28\/10\/2023 12:57:19"}
{"x":[60.6462104192,50.0,0.000001],"error":0.2435911895,"datetime":"28\/10\/2023 12:57:19"}
{"x":[60.5641115938,50.0,0.000001],"error":0.2435911892,"datetime":"28\/10\/2023 12:57:19"}
{"x":[60.5332383143,50.0,0.000001],"error":0.2435911893,"datetime":"28\/10\/2023 12:57:19"}
{"x":[60.6010790572,50.0,0.000001],"error":0.2435911892,