{"raw_weights":{},"x0":[50.1711962134,26.9667703103,13.5874210597],"x_description":["k1","k-1","k2"],"bounds":[[0.000001,100],[0,50],[0.000001,100]],"maxiter":50000,"datetime":"28\/10\/2023 12:57:11"}
