{"x":[62.5095470354,44.8606900485,77.5685692488],"error":0.9271568302,"datetime":"28\/10\/2023 12:56:53"}
{"x":[65.6350243871,44.8606900485,77.5685692488],"error":0.9272051931,"datetime":"28\/10\/2023 12:56:53"}
{"x":[62.5095470354,47.1037245509,77.5685692488],"error":0.9271381108,"datetime":"28\/10\/2023 12:56:53"}
{"x":[62.5095470354,44.8606900485,81.4469977113],"error":0.9271829539,"datetime":"28\/10\/2023 12:56:54"}
{"x":[59.3840696836,46.3560463834,80.1541882238],"error":0.927108831,"datetime":"28\/10\/2023 12:56:54"}
{"x":[57.3004181158,46.8544984951,81.0160612154],"error":0.9270714761,"datetime":"28\/10\/2023 12:56:54"}
{"x":[59.0367944223,47.6852520145,75.9884687641],"error":0.9270591096,"datetime":"28\/10\/2023 12:56:54"}
{"x":[57.8792102179,48.6267726698,74.1689591151],"error":0.92701228,"datetime":"28\/10\/2023 12:56:54"}
{"x":[55.9499032107,50.0,77.6004904707],"error":0.9269886082,"datetime":"28\/10\/2023 12:56:54"}
{"x":[53.7633552691,50.0,77.6111308781],"error":0.9269397245,"datetime":"28\/10\/2023 12:56:54"}
{"x":[50.1191086998,49.883789559,77.6288648902],"error":0.9268495952,"datetime":"28\/10\/2023 12:56:55"}
{"x":[45.988962588,50.0,77.6489634374],"error":0.9267266052,"datetime":"28\/10\/2023 12:56:55"}
{"x":[47.7872672676,50.0,71.9366410715],"error":0.926723046,"datetime":"28\/10\/2023 12:56:55"}
{"x":[44.6162169849,50.0,68.9101676902],"error":0.9265804072,"datetime":"28\/10\/2023 12:56:55"}
{"x":[38.3664796767,50.0,75.277882222],"error":0.9264017807,"datetime":"28\/10\/2023 12:56:55"}
{"x":[31.862236163,50.0,75.6475232577],"error":0.9260336241,"datetime":"28\/10\/2023 12:56:55"}
{"x":[27.8815885548,50.0,70.5266387121],"error":0.925629657,"datetime":"28\/10\/2023 12:56:56"}
{"x":[19.2543329833,50.0,68.1651413235],"error":0.9243929192,"datetime":"28\/10\/2023 12:56:56"}
{"x":[17.8328948328,50.0,64.1662580769],"error":0.9239600485,"datetime":"28\/10\/2023 12:56:56"}
{"x":[8.4475389144,50.0,59.6720229567],"error":0.9186309093,"datetime":"28\/10\/2023 12:56:56"}
{"x":[0.000001,50.0,66.7462906683],"error":0.2448468316,"datetime":"28\/10\/2023 12:56:56"}
{"x":[0.000001,50.0,66.0249983277],"error":0.2448469792,"datetime":"28\/10\/2023 12:56:56"}
{"x":[0.000001,50.0,54.0747800414],"error":0.2448493652,"datetime":"28\/10\/2023 12:56:56"}
{"x":[0.000001,50.0,52.1635877875],"error":0.2448497322,"datetime":"28\/10\/2023 12:56:56"}
{"x":[0.000001,50.0,55.6510827081],"error":0.2448490587,"datetime":"28\/10\/2023 12:56:56"}
{"x":[0.000001,50.0,65.484514491],"error":0.2448470896,"datetime":"28\/10\/2023 12:56:56"}
{"x":[0.000001,50.0,71.1798118702],"error":0.2448459177,"datetime":"28\/10\/2023 12:56:56"}
{"x":[0.000001,50.0,76.8814891465],"error":0.244844735,"datetime":"28\/10\/2023 12:56:56"}
{"x":[0.000001,50.0,83.7571134959],"error":0.244843308,"datetime":"28\/10\/2023 12:56:56"}
{"x":[0.000001,50.0,93.1257904251],"error":0.24484139,"datetime":"28\/10\/2023 12:56:56"}
{"x":[0.000001,50.0,92.3511990023],"error":0.2448415468,"datetime":"28\/10\/2023 12:56:56"}
{"x":[0.000001,50.0,100.0],"error":0.2448400171,"datetime":"28\/10\/2023 12:56:56"}
{"x":[0.000001,50.0,100.0],"error":0.2448400171,"datetime":"28\/10\/2023 12:56:56"}
{"x":[0.000001,50.0,100.0],"error":0.2448400171,"datetime":"28\/10\/2023 12:56:56"}
{"x":[0.000001,50.0,100.0],"error":0.2448400171,"datetime":"28\/10\/2023 12:56:56"}
{"x":[0.000001,50.0,100.0],"error":0.2448400171,"datetime":"28\/10\/2023 12:56:56"}
{"x":[0.000001,50.0,100.0],"error":0.2448400171,"datetime":"28\/10\/2023 12:56:56"}
