{"raw_weights":{},"x0":[62.5095470354,44.8606900485,77.5685692488],"x_description":["k1","k-1","k2"],"bounds":[[0.000001,100],[0,50],[0.000001,100]],"maxiter":50000,"datetime":"28\/10\/2023 12:56:49"}
