{"raw_weights":{},"x0":[5,5,5],"x_description":["k1","k-1","k2"],"bounds":[[0.000001,100],[0,50],[0.000001,100]],"maxiter":10000,"datetime":"28\/10\/2023 12:55:45"}
