{"x":[69.3933083718,32.0729110439,12.8644233031],"error":0.925154163,"datetime":"28\/10\/2023 12:57:00"}
{"x":[72.8629737904,32.0729110439,12.8644233031],"error":0.9252598799,"datetime":"28\/10\/2023 12:57:00"}
{"x":[69.3933083718,33.6765565961,12.8644233031],"error":0.9250755183,"datetime":"28\/10\/2023 12:57:01"}
{"x":[69.3933083718,32.0729110439,13.5076444683],"error":0.9252824832,"datetime":"28\/10\/2023 12:57:01"}
{"x":[71.7064186509,33.1420080787,12.221202138],"error":0.9250330945,"datetime":"28\/10\/2023 12:57:01"}
{"x":[72.4774554106,33.498373757,11.7923880279],"error":0.9249365132,"datetime":"28\/10\/2023 12:57:01"}
{"x":[67.979740979,34.0923165541,12.1497331196],"error":0.9248402907,"datetime":"28\/10\/2023 12:57:01"}
{"x":[66.3519967086,34.7654517241,11.9115030584],"error":0.9246815582,"datetime":"28\/10\/2023 12:57:01"}
{"x":[69.4218652888,35.8873436742,11.5144529565],"error":0.9246295613,"datetime":"28\/10\/2023 12:57:02"}
{"x":[69.4313842612,37.1588212177,11.064462841],"error":0.9244260213,"datetime":"28\/10\/2023 12:57:02"}
{"x":[69.4472492151,36.6052078698,10.3144793151],"error":0.9242107446,"datetime":"28\/10\/2023 12:57:02"}
{"x":[69.4652294962,37.581424961,9.4644979857],"error":0.9238181598,"datetime":"28\/10\/2023 12:57:02"}
{"x":[64.3549515667,39.5054248449,9.8345878955],"error":0.9235942877,"datetime":"28\/10\/2023 12:57:02"}
{"x":[61.6474502855,41.5077752075,9.1819878514],"error":0.9229796779,"datetime":"28\/10\/2023 12:57:02"}
{"x":[67.3440459866,42.7332292,7.8957960603],"error":0.922471708,"datetime":"28\/10\/2023 12:57:03"}
{"x":[67.6747290793,45.3891550253,6.5572270609],"error":0.9211281856,"datetime":"28\/10\/2023 12:57:03"}
{"x":[63.0935549794,45.8267489115,5.7380124244],"error":0.9196482241,"datetime":"28\/10\/2023 12:57:03"}
{"x":[60.9809452189,48.7160581428,3.9625289522],"error":0.9128047272,"datetime":"28\/10\/2023 12:57:03"}
{"x":[57.4035202262,50.0,3.669997924],"error":0.9070365802,"datetime":"28\/10\/2023 12:57:03"}
{"x":[53.3829504696,50.0,1.7384979034],"error":0.7173217327,"datetime":"28\/10\/2023 12:57:04"}
{"x":[59.711632893,50.0,0.000001],"error":0.2435912431,"datetime":"28\/10\/2023 12:57:04"}
{"x":[59.0663604289,50.0,0.000001],"error":0.2435913547,"datetime":"28\/10\/2023 12:57:04"}
{"x":[48.3756233084,50.0,0.000001],"error":0.2436041897,"datetime":"28\/10\/2023 12:57:04"}
{"x":[46.6658592284,50.0,0.000001],"error":0.2436086463,"datetime":"28\/10\/2023 12:57:04"}
{"x":[49.7857931503,50.0,0.000001],"error":0.2436010941,"datetime":"28\/10\/2023 12:57:04"}
{"x":[58.5828403393,50.0,0.000001],"error":0.2435914795,"datetime":"28\/10\/2023 12:57:04"}
{"x":[63.6778876134,50.0,0.000001],"error":0.2435918296,"datetime":"28\/10\/2023 12:57:04"}
{"x":[71.5291140802,50.0,0.000001],"error":0.243598266,"datetime":"28\/10\/2023 12:57:04"}
{"x":[66.9992555531,50.0,0.000001],"error":0.2435937977,"datetime":"28\/10\/2023 12:57:04"}
{"x":[54.3156516774,50.0,0.000001],"error":0.2435942622,"datetime":"28\/10\/2023 12:57:04"}
{"x":[64.356838079,50.0,0.000001],"error":0.2435921308,"datetime":"28\/10\/2023 12:57:04"}
{"x":[56.9580691515,50.0,0.000001],"error":0.2435921704,"datetime":"28\/10\/2023 12:57:04"}
{"x":[62.8154278858,50.0,0.000001],"error":0.2435915272,"datetime":"28\/10\/2023 12:57:04"}
{"x":[57.0620464653,50.0,0.000001],"error":0.2435921132,"datetime":"28\/10\/2023 12:57:05"}
{"x":[62.2995873742,50.0,0.000001],"error":0.2435913908,"datetime":"28\/10\/2023 12:57:05"}
{"x":[57.5806125186,50.0,0.000001],"error":0.243591855,"datetime":"28\/10\/2023 12:57:05"}
{"x":[61.7248413509,50.0,0.000001],"error":0.2435912793,"datetime":"28\/10\/2023 12:57:05"}
{"x":[63.9078674061,50.0,0.000001],"error":0.2435919255,"datetime":"28\/10\/2023 12:57:05"}
{"x":[59.6922209782,50.0,0.000001],"error":0.2435912456,"datetime":"28\/10\/2023 12:57:05"}
{"x":[58.4528761072,50.0,0.000001],"error":0.2435915192,"datetime":"28\/10\/2023 12:57:05"}
{"x":[61.4981891936,50.0,0.000001],"error":0.2435912473,"datetime":"28\/10\/2023 12:57:05"}
{"x":[58.8765206923,50.0,0.000001],"error":0.2435913994,"datetime":"28\/10\/2023 12:57:05"}
{"x":[61.1314412137,50.0,0.000001],"error":0.2435912103,"datetime":"28\/10\/2023 12:57:05"}
{"x":[58.8586741964,50.0,0.000001],"error":0.2435914039,"datetime":"28\/10\/2023 12:57:05"}
{"x":[60.9482902358,50.0,0.000001],"error":0.2435911986,"datetime":"28\/10\/2023 12:57:05"}
{"x":[61.5020219168,50.0,0.000001],"error":0.2435912478,"datetime":"28\/10\/2023 12:57:05"}
{"x":[60.0692628404,50.0,0.000001],"error":0.2435912078,"datetime":"28\/10\/2023 12:57:05"}
{"x":[61.721029967,50.0,0.000001],"error":0.2435912787,"datetime":"28\/10\/2023 12:57:06"}
{"x":[60.1302572834,50.0,0.000001],"error":0.2435912036,"datetime":"28\/10\/2023 12:57:06"}
{"x":[59.6337656927,50.0,0.000001],"error":0.2435912533,"datetime":"28\/10\/2023 12:57:06"}
{"x":[60.8194254802,50.0,0.000001],"error":0.2435911932,"datetime":"28\/10\/2023 12:57:06"}
{"x":[61.1960524925,50.0,0.000001],"error":0.2435912155,"datetime":"28\/10\/2023 12:57:06"}
{"x":[60.3040106846,50.0,0.000001],"error":0.2435911946,"datetime":"28\/10\/2023 12:57:06"}
{"x":[61.2508936503,50.0,0.000001],"error":0.2435912203,"datetime":"28\/10\/2023 12:57:06"}
{"x":[60.3637231932,50.0,0.000001],"error":0.2435911925,"datetime":"28\/10\/2023 12:57:06"}
{"x":[60.0431493362,50.0,0.000001],"error":0.2435912097,"datetime":"28\/10\/2023 12:57:06"}
{"x":[60.7597192151,50.0,0.000001],"error":0.2435911914,"datetime":"28\/10\/2023 12:57:06"}
{"x":[60.9912345743,50.0,0.000001],"error":0.2435912009,"datetime":"28\/10\/2023 12:57:06"}
{"x":[60.4471823283,50.0,0.000001],"error":0.2435911905,"datetime":"28\/10\/2023 12:57:06"}
{"x":[60.2276576775,50.0,0.000001],"error":0.243591198,"datetime":"28\/10\/2023 12:57:06"}
{"x":[60.6961405213,50.0,0.000001],"error":0.2435911901,"datetime":"28\/10\/2023 12:57:07"}
{"x":[60.9049715166,50.0,0.000001],"error":0.2435911965,"datetime":"28\/10\/2023 12:57:07"}
{"x":[60.4764832606,50.0,0.000001],"error":0.24359119,"datetime":"28\/10\/2023 12:57:07"}
{"x":[60.3201515251,50.0,0.000001],"error":0.243591194,"datetime":"28\/10\/2023 12:57:07"}
{"x":[60.668142613,50.0,0.000001],"error":0.2435911897,"datetime":"28\/10\/2023 12:57:07"}
{"x":[60.7799952683,50.0,0.000001],"error":0.2435911919,"datetime":"28\/10\/2023 12:57:07"}
{"x":[60.5165183575,50.0,0.000001],"error":0.2435911895,"datetime":"28\/10\/2023 12:57:07"}
{"x":[60.4112889661,50.0,0.000001],"error":0.2435911912,"datetime":"28\/10\/2023 12:57:07"}
{"x":[60.6367964473,50.0,0.000001],"error":0.2435911894,"datetime":"28\/10\/2023 12:57:07"}
{"x":[60.7378216846,50.0,0.000001],"error":0.2435911909,"datetime":"28\/10\/2023 12:57:07"}
{"x":[60.5309287656,50.0,0.000001],"error":0.2435911894,"datetime":"28\/10\/2023 12:57:07"}
{"x":[60.4546864339,50.0,0.000001],"error":0.2435911903,"datetime":"28\/10\/2023 12:57:07"}
{"x":[60.6236725757,50.0,0.000001],"error":0.2435911893,"datetime":"28\/10\/2023 12:57:07"}
{"x":[60.6777468349,50.0,0.000001],"error":0.2435911898,"datetime":"28\/10\/2023 12:57:07"}
{"x":[60.5501076236,50.0,0.000001],"error":0.2435911893,"datetime":"28\/10\/2023 12:57:07"}
{"x":[60.4996761959,50.0,0.000001],"error":0.2435911897,"datetime":"28\/10\/2023 12:57:08"}
{"x":[60.6082297283,50.0,0.000001],"error":0.2435911892,"datetime":"28\/10\/2023 12:57:08"}
{"x":[60.6570778528,50.0,0.000001],"error":0.2435911896,"datetime":"28\/10\/2023 12:57:08"}
{"x":[60.5572098254,50.0,0.000001],"error":0.2435911892,"datetime":"28\/10\/2023 12:57:08"}
{"x":[60.5200255425,50.0,0.000001],"error":0.2435911895,"datetime":"28\/10\/2023 12:57:08"}
{"x":[60.6020794438,50.0,0.000001],"error":0.2435911892,"datetime":"28\/10\/2023 12:57:08"}
{"x":[60.6282383747,50.0,0.000001],"error":0.2435911893,"datetime":"28\/10\/2023 12:57:08"}
{"x":[60.5663848634,50.0,0.000001],"error":0.2435911892,"datetime":"28\/10\/2023 12:57:08"}
{"x":[60.5422196935,50.0,0.000001],"error":0.2435911893,"datetime":"28\/10\/2023 12:57:08"}
{"x":[60.5944776377,50.0,0.000001],