{"raw_weights":{},"x0":[69.3933083718,32.0729110439,12.8644233031],"x_description":["k1","k-1","k2"],"bounds":[[0.000001,100],[0,50],[0.000001,100]],"maxiter":50000,"datetime":"28\/10\/2023 12:57:00"}
