{"x":[18.0633099418,19.9118380368,89.3832404632],"error":0.9254029642,"datetime":"28\/10\/2023 12:57:10"}
{"x":[18.9664754389,19.9118380368,89.3832404632],"error":0.9255403397,"datetime":"28\/10\/2023 12:57:10"}
{"x":[18.0633099418,20.9074299386,89.3832404632],"error":0.9253767193,"datetime":"28\/10\/2023 12:57:10"}
{"x":[18.0633099418,19.9118380368,93.8524024863],"error":0.9254365549,"datetime":"28\/10\/2023 12:57:10"}
{"x":[17.1601444447,20.5755659713,92.3626818119],"error":0.9252568002,"datetime":"28\/10\/2023 12:57:11"}
{"x":[16.5580341133,20.7968086162,93.3558289282],"error":0.9251480253,"datetime":"28\/10\/2023 12:57:11"}
{"x":[17.0597927228,21.1655463576,87.56247075],"error":0.9251819196,"datetime":"28\/10\/2023 12:57:11"}
{"x":[16.3907812435,22.0013519048,90.8177862977],"error":0.9250602339,"datetime":"28\/10\/2023 12:57:11"}
{"x":[15.8332716774,22.6978565275,91.2959682426],"error":0.9249299153,"datetime":"28\/10\/2023 12:57:11"}
{"x":[14.9040890672,22.1993777289,92.0929381507],"error":0.9247427306,"datetime":"28\/10\/2023 12:57:11"}
{"x":[13.8510154423,22.6300269924,92.9961707132],"error":0.9244661552,"datetime":"28\/10\/2023 12:57:11"}
{"x":[13.7684214325,22.9175817331,97.536174506],"error":0.9244773988,"datetime":"28\/10\/2023 12:57:12"}
{"x":[12.4104382549,24.7001682191,94.5297133797],"error":0.923960022,"datetime":"28\/10\/2023 12:57:12"}
{"x":[11.027906302,26.0012880868,94.9210081969],"error":0.9233640614,"datetime":"28\/10\/2023 12:57:12"}
{"x":[9.9316237739,25.001408014,99.0062673682],"error":0.92291523,"datetime":"28\/10\/2023 12:57:12"}
{"x":[7.9644078061,25.7692585095,100.0],"error":0.921540889,"datetime":"28\/10\/2023 12:57:12"}
{"x":[8.1271316011,26.6828006593,94.4086114341],"error":0.9215349717,"datetime":"28\/10\/2023 12:57:12"}
{"x":[6.2467016573,27.9378736347,93.3660904101],"error":0.9192336533,"datetime":"28\/10\/2023 12:57:12"}
{"x":[2.9749950679,30.5089198283,99.1952283581],"error":0.8880727171,"datetime":"28\/10\/2023 12:57:13"}
{"x":[0.000001,33.1352174403,100.0],"error":0.2448421775,"datetime":"28\/10\/2023 12:57:13"}
{"x":[0.000001,31.8936116362,100.0],"error":0.2448423333,"datetime":"28\/10\/2023 12:57:13"}
{"x":[0.000001,36.208543298,95.5773936067],"error":0.2448426985,"datetime":"28\/10\/2023 12:57:13"}
{"x":[0.000001,39.5537079483,100.0],"error":0.2448413636,"datetime":"28\/10\/2023 12:57:13"}
{"x":[0.000001,43.4256527194,100.0],"error":0.244840867,"datetime":"28\/10\/2023 12:57:13"}
{"x":[0.000001,36.094444566,100.0],"error":0.2448418039,"datetime":"28\/10\/2023 12:57:13"}
{"x":[0.000001,43.2099315142,100.0],"error":0.2448408948,"datetime":"28\/10\/2023 12:57:13"}
{"x":[0.000001,48.6848017595,100.0],"error":0.2448401876,"datetime":"28\/10\/2023 12:57:13"}
{"x":[0.000001,50.0,100.0],"error":0.2448400171,"datetime":"28\/10\/2023 12:57:13"}
{"x":[0.000001,50.0,100.0],"error":0.2448400171,"datetime":"28\/10\/2023 12:57:13"}
{"x":[0.000001,50.0,100.0],"error":0.2448400171,"datetime":"28\/10\/2023 12:57:13"}
{"x":[0.000001,50.0,100.0],"error":0.2448400171,"datetime":"28\/10\/2023 12:57:13"}
{"x":[0.000001,50.0,100.0],"error":0.2448400171,"datetime":"28\/10\/2023 12:57:13"}
