{"raw_weights":{},"x0":[18.0633099418,19.9118380368,89.3832404632],"x_description":["k1","k-1","k2"],"bounds":[[0.000001,100],[0,50],[0.000001,100]],"maxiter":50000,"datetime":"28\/10\/2023 12:57:10"}
