{"raw_weights":{},"x0":[65.2299266178,2.1887661819,2.0029596674],"x_description":["k1","k-1","k2"],"bounds":[[0.000001,100],[0,50],[0.000001,100]],"maxiter":50000,"datetime":"28\/10\/2023 12:57:13"}
