{"x":[72.9898497966,34.6707478401,94.1921017815],"error":0.9274438004,"datetime":"28\/10\/2023 12:57:12"}
{"x":[76.6393422864,34.6707478401,94.1921017815],"error":0.9274778898,"datetime":"28\/10\/2023 12:57:12"}
{"x":[72.9898497966,36.4042852321,94.1921017815],"error":0.9274340508,"datetime":"28\/10\/2023 12:57:13"}
{"x":[72.9898497966,34.6707478401,98.9017068706],"error":0.9274592592,"datetime":"28\/10\/2023 12:57:13"}
{"x":[69.3403573067,35.8264394348,97.3318385076],"error":0.9274100895,"datetime":"28\/10\/2023 12:57:13"}
{"x":[66.9073623135,36.2116699663,98.3784174163],"error":0.9273836903,"datetime":"28\/10\/2023 12:57:13"}
{"x":[68.9348581412,36.8537208522,92.2733737823],"error":0.9273807758,"datetime":"28\/10\/2023 12:57:13"}
{"x":[67.5831942561,37.581378523,90.0639294195],"error":0.9273511548,"datetime":"28\/10\/2023 12:57:13"}
{"x":[65.3304211142,38.7941413075,94.2308639633],"error":0.9273325144,"datetime":"28\/10\/2023 12:57:14"}
{"x":[62.7772782201,40.1686057966,94.2437846906],"error":0.9272887896,"datetime":"28\/10\/2023 12:57:14"}
{"x":[58.5220400632,39.5701509585,94.2653192361],"error":0.9272276677,"datetime":"28\/10\/2023 12:57:14"}
{"x":[53.6994368188,40.625439534,94.2897250542],"error":0.9271321077,"datetime":"28\/10\/2023 12:57:14"}
{"x":[55.7992438831,42.7052792694,87.3532086933],"error":0.9271189214,"datetime":"28\/10\/2023 12:57:14"}
{"x":[52.0965377397,44.8698157038,83.678139119],"error":0.9269978934,"datetime":"28\/10\/2023 12:57:14"}
{"x":[44.7989742629,46.1945288333,91.4105031564],"error":0.9268435906,"datetime":"28\/10\/2023 12:57:14"}
{"x":[37.2042342652,49.0655789367,91.8593610686],"error":0.9265275557,"datetime":"28\/10\/2023 12:57:15"}
{"x":[32.556194329,49.5386169863,85.6410321373],"error":0.9262113362,"datetime":"28\/10\/2023 12:57:15"}
{"x":[22.4824996986,50.0,82.7734479528],"error":0.925234167,"datetime":"28\/10\/2023 12:57:15"}
{"x":[20.8227443169,50.0,77.9175737061],"error":0.9249018354,"datetime":"28\/10\/2023 12:57:15"}
{"x":[9.8638468163,50.0,72.4601899233],"error":0.9208878939,"datetime":"28\/10\/2023 12:57:15"}
{"x":[0.000001,50.0,81.0505268442],"error":0.2448438687,"datetime":"28\/10\/2023 12:57:15"}
{"x":[0.000001,50.0,80.174656086],"error":0.2448440506,"datetime":"28\/10\/2023 12:57:15"}
{"x":[0.000001,50.0,65.6634154116],"error":0.2448470531,"datetime":"28\/10\/2023 12:57:15"}
{"x":[0.000001,50.0,63.3426401667],"error":0.2448475253,"datetime":"28\/10\/2023 12:57:15"}
{"x":[0.000001,50.0,67.5775316917],"error":0.244846661,"datetime":"28\/10\/2023 12:57:15"}
{"x":[0.000001,50.0,79.5183424651],"error":0.2448441869,"datetime":"28\/10\/2023 12:57:15"}
{"x":[0.000001,50.0,86.4341852557],"error":0.244842756,"datetime":"28\/10\/2023 12:57:15"}
{"x":[0.000001,50.0,93.3577752037],"error":0.2448413431,"datetime":"28\/10\/2023 12:57:15"}
{"x":[0.000001,50.0,100.0],"error":0.2448400171,"datetime":"28\/10\/2023 12:57:15"}
{"x":[0.000001,50.0,100.0],"error":0.2448400171,"datetime":"28\/10\/2023 12:57:15"}
{"x":[0.000001,50.0,100.0],"error":0.2448400171,"datetime":"28\/10\/2023 12:57:15"}
{"x":[0.000001,50.0,100.0],"error":0.2448400171,"datetime":"28\/10\/2023 12:57:15"}
{"x":[0.000001,50.0,100.0],"error":0.2448400171,"datetime":"28\/10\/2023 12:57:15"}
{"x":[0.000001,50.0,100.0],"error":0.2448400171,"datetime":"28\/10\/2023 12:57:15"}
