{"raw_weights":{},"x0":[72.9898497966,34.6707478401,94.1921017815],"x_description":["k1","k-1","k2"],"bounds":[[0.000001,100],[0,50],[0.000001,100]],"maxiter":50000,"datetime":"28\/10\/2023 12:57:12"}
