{"x":[5.0046979854,25.3161149286,51.9234034437],"error":0.9127694984,"datetime":"28\/10\/2023 12:57:04"}
{"x":[5.2549328846,25.3161149286,51.9234034437],"error":0.9141136143,"datetime":"28\/10\/2023 12:57:04"}
{"x":[5.0046979854,26.581920675,51.9234034437],"error":0.9122641599,"datetime":"28\/10\/2023 12:57:04"}
{"x":[5.0046979854,25.3161149286,54.5195736159],"error":0.9132569717,"datetime":"28\/10\/2023 12:57:04"}
{"x":[4.7544630861,26.1599854262,53.6541835585],"error":0.9110956582,"datetime":"28\/10\/2023 12:57:05"}
{"x":[4.5876398199,26.4412755921,54.2311102635],"error":0.909721729,"datetime":"28\/10\/2023 12:57:05"}
{"x":[4.7266592084,26.9100925352,50.8657044847],"error":0.9097686183,"datetime":"28\/10\/2023 12:57:05"}
{"x":[4.5413000238,27.9727442729,52.7567420175],"error":0.9079931762,"datetime":"28\/10\/2023 12:57:05"}
{"x":[4.3868340366,28.8582873877,53.0345215421],"error":0.9057467198,"datetime":"28\/10\/2023 12:57:05"}
{"x":[4.1293907245,28.224516335,53.4974874164],"error":0.9027341634,"datetime":"28\/10\/2023 12:57:05"}
{"x":[3.8376216376,28.7720482216,54.022182074],"error":0.8969446335,"datetime":"28\/10\/2023 12:57:05"}
{"x":[3.8147377877,29.1376482658,56.6595047684],"error":0.8975180009,"datetime":"28\/10\/2023 12:57:05"}
{"x":[3.4384891546,31.4040469913,54.9130286595],"error":0.8825421049,"datetime":"28\/10\/2023 12:57:06"}
{"x":[3.0554389329,33.0583041244,55.1403347916],"error":0.8613137453,"datetime":"28\/10\/2023 12:57:06"}
{"x":[2.7516982022,31.7870463535,57.5134928805],"error":0.8463238469,"datetime":"28\/10\/2023 12:57:06"}
{"x":[2.2066529241,32.7632993421,59.0064833267],"error":0.7861577777,"datetime":"28\/10\/2023 12:57:06"}
{"x":[2.2517378754,33.924786193,55.4531620265],"error":0.7808656023,"datetime":"28\/10\/2023 12:57:06"}
{"x":[1.7307379046,35.5204988354,55.0510477792],"error":0.6708173443,"datetime":"28\/10\/2023 12:57:06"}
{"x":[0.8242648701,38.789353313,58.7763951909],"error":0.3299201154,"datetime":"28\/10\/2023 12:57:06"}
{"x":[0.000001,42.1284550101,60.3611328965],"error":0.2448492119,"datetime":"28\/10\/2023 12:57:06"}
{"x":[0.000001,40.5498646673,61.1387745433],"error":0.2448492676,"datetime":"28\/10\/2023 12:57:06"}
{"x":[0.000001,46.0359129998,58.694153486],"error":0.2448490119,"datetime":"28\/10\/2023 12:57:06"}
{"x":[0.000001,50.0,58.5900435392],"error":0.2448484797,"datetime":"28\/10\/2023 12:57:06"}
{"x":[0.000001,50.0,65.0089195402],"error":0.2448471866,"datetime":"28\/10\/2023 12:57:06"}
{"x":[0.000001,50.0,68.3282101272],"error":0.2448465067,"datetime":"28\/10\/2023 12:57:06"}
{"x":[0.000001,50.0,63.7141498319],"error":0.2448474499,"datetime":"28\/10\/2023 12:57:06"}
{"x":[0.000001,50.0,66.7271361023],"error":0.2448468355,"datetime":"28\/10\/2023 12:57:06"}
{"x":[0.000001,50.0,73.9229538351],"error":0.2448453494,"datetime":"28\/10\/2023 12:57:06"}
{"x":[0.000001,50.0,79.0339239338],"error":0.2448442876,"datetime":"28\/10\/2023 12:57:06"}
{"x":[0.000001,50.0,79.012030277],"error":0.2448442922,"datetime":"28\/10\/2023 12:57:06"}
{"x":[0.000001,50.0,84.1889734563],"error":0.2448432188,"datetime":"28\/10\/2023 12:57:06"}
{"x":[0.000001,50.0,90.0095859076],"error":0.2448420232,"datetime":"28\/10\/2023 12:57:07"}
{"x":[0.000001,50.0,97.0421499517],"error":0.2448406033,"datetime":"28\/10\/2023 12:57:07"}
{"x":[0.000001,50.0,100.0],"error":0.2448400171,"datetime":"28\/10\/2023 12:57:07"}
{"x":[0.000001,50.0,100.0],"error":0.2448400171,"datetime":"28\/10\/2023 12:57:07"}
{"x":[0.000001,50.0,100.0],"error":0.2448400171,"datetime":"28\/10\/2023 12:57:07"}
{"x":[0.000001,50.0,100.0],"error":0.2448400171,"datetime":"28\/10\/2023 12:57:07"}
{"x":[0.000001,50.0,100.0],"error":0.2448400171,"datetime":"28\/10\/2023 12:57:07"}
