{"raw_weights":{},"x0":[5.0046979854,25.3161149286,51.9234034437],"x_description":["k1","k-1","k2"],"bounds":[[0.000001,100],[0,50],[0.000001,100]],"maxiter":50000,"datetime":"28\/10\/2023 12:57:04"}
