{"x":[36.2854198648,29.6608630085,39.1950218045],"error":0.9260027276,"datetime":"28\/10\/2023 12:57:17"}
{"x":[38.099690858,29.6608630085,39.1950218045],"error":0.9261010518,"datetime":"28\/10\/2023 12:57:17"}
{"x":[36.2854198648,31.1439061589,39.1950218045],"error":0.9259583741,"datetime":"28\/10\/2023 12:57:17"}
{"x":[36.2854198648,29.6608630085,41.1547728947],"error":0.9260634304,"datetime":"28\/10\/2023 12:57:17"}
{"x":[34.4711488715,30.6495584421,40.5015225313],"error":0.9259065498,"datetime":"28\/10\/2023 12:57:17"}
{"x":[33.261634876,30.9791235866,40.9370227736],"error":0.9258314542,"datetime":"28\/10\/2023 12:57:17"}
{"x":[34.2695632056,31.5283988275,38.3966046936],"error":0.9257929847,"datetime":"28\/10\/2023 12:57:17"}
{"x":[33.5976109859,32.1509107672,37.4772152933],"error":0.9256910454,"datetime":"28\/10\/2023 12:57:18"}
{"x":[32.4776906197,33.1884306667,39.2111514431],"error":0.925642734,"datetime":"28\/10\/2023 12:57:18"}
{"x":[31.208447538,34.3642865528,39.2165279893],"error":0.9255029737,"datetime":"28\/10\/2023 12:57:18"}
{"x":[29.0930424019,33.8523077788,39.2254888996],"error":0.9253352079,"datetime":"28\/10\/2023 12:57:18"}
{"x":[26.6955832476,34.7551083188,39.235644598],"error":0.9250521231,"datetime":"28\/10\/2023 12:57:18"}
{"x":[27.7394596383,36.5344135059,36.3492358135],"error":0.9249503432,"datetime":"28\/10\/2023 12:57:18"}
{"x":[25.898734559,38.3861768123,34.8199734934],"error":0.9245493386,"datetime":"28\/10\/2023 12:57:18"}
{"x":[22.2708992438,39.5194703554,38.0375487605],"error":0.9241413499,"datetime":"28\/10\/2023 12:57:18"}
{"x":[18.4953286631,41.9756568848,38.2243265829],"error":0.9232010713,"datetime":"28\/10\/2023 12:57:19"}
{"x":[16.1846501085,42.3803414578,35.6367684603],"error":0.9222285814,"datetime":"28\/10\/2023 12:57:19"}
{"x":[11.176717632,45.0523597595,34.443515284],"error":0.9189744685,"datetime":"28\/10\/2023 12:57:19"}
{"x":[10.3516039885,48.8543539856,32.4228989756],"error":0.9169098196,"datetime":"28\/10\/2023 12:57:19"}
{"x":[4.9036109022,50.0,30.1519837681],"error":0.8521071851,"datetime":"28\/10\/2023 12:57:19"}
{"x":[0.000001,50.0,33.7265769299],"error":0.2448526453,"datetime":"28\/10\/2023 12:57:19"}
{"x":[0.000001,50.0,33.3621114087],"error":0.2448527029,"datetime":"28\/10\/2023 12:57:19"}
{"x":[0.000001,50.0,27.3237240717],"error":0.2448536727,"datetime":"28\/10\/2023 12:57:19"}
{"x":[0.000001,50.0,26.3580078959],"error":0.2448538318,"datetime":"28\/10\/2023 12:57:19"}
{"x":[0.000001,50.0,28.1202221635],"error":0.2448535424,"datetime":"28\/10\/2023 12:57:19"}
{"x":[0.000001,50.0,33.0890075476],"error":0.2448527461,"datetime":"28\/10\/2023 12:57:19"}
{"x":[0.000001,50.0,35.966813689],"error":0.2448522926,"datetime":"28\/10\/2023 12:57:19"}
{"x":[0.000001,50.0,38.8478435614],"error":0.2448518414,"datetime":"28\/10\/2023 12:57:19"}
{"x":[0.000001,50.0,42.3220631957],"error":0.2448512998,"datetime":"28\/10\/2023 12:57:19"}
{"x":[0.000001,50.0,47.0560102064],"error":0.2448505632,"datetime":"28\/10\/2023 12:57:19"}
{"x":[0.000001,50.0,46.6646129175],"error":0.2448506242,"datetime":"28\/10\/2023 12:57:19"}
{"x":[0.000001,50.0,54.6524008603],"error":0.2448492533,"datetime":"28\/10\/2023 12:57:19"}
{"x":[0.000001,50.0,61.6276755038],"error":0.2448478722,"datetime":"28\/10\/2023 12:57:19"}
{"x":[0.000001,50.0,64.7176888571],"error":0.2448472459,"datetime":"28\/10\/2023 12:57:19"}
{"x":[0.000001,50.0,73.3409706224],"error":0.2448454701,"datetime":"28\/10\/2023 12:57:19"}
{"x":[0.000001,50.0,74.6851579709],"error":0.2448451912,"datetime":"28\/10\/2023 12:57:19"}
{"x":[0.000001,50.0,84.0253396553],"error":0.2448432526,"datetime":"28\/10\/2023 12:57:19"}
{"x":[0.000001,50.0,98.9399803146],"error":0.2448402263,"datetime":"28\/10\/2023 12:57:19"}
{"x":[0.000001,50.0,100.0],"error":0.2448400171,"datetime":"28\/10\/2023 12:57:19"}
{"x":[0.000001,50.0,100.0],"error":0.2448400171,"datetime":"28\/10\/2023 12:57:19"}
{"x":[0.000001,50.0,100.0],"error":0.2448400171,"datetime":"28\/10\/2023 12:57:19"}
{"x":[0.000001,50.0,100.0],"error":0.2448400171,"datetime":"28\/10\/2023 12:57:19"}
{"x":[0.000001,50.0,100.0],"error":0.2448400171,"datetime":"28\/10\/2023 12:57:19"}
