{"x":[38.7699878409,29.7886745015,51.3800549916],"error":0.9264192912,"datetime":"28\/10\/2023 12:57:16"}
{"x":[40.7084872329,29.7886745015,51.3800549916],"error":0.9265011295,"datetime":"28\/10\/2023 12:57:17"}
{"x":[38.7699878409,31.2781082265,51.3800549916],"error":0.9263877768,"datetime":"28\/10\/2023 12:57:17"}
{"x":[38.7699878409,29.7886745015,53.9490577412],"error":0.926463154,"datetime":"28\/10\/2023 12:57:17"}
{"x":[36.8314884488,30.7816303182,53.0927234913],"error":0.9263381447,"datetime":"28\/10\/2023 12:57:17"}
{"x":[35.5391555208,31.1126155904,53.6636129912],"error":0.926275218,"datetime":"28\/10\/2023 12:57:17"}
{"x":[36.6160996275,31.6642577108,50.3334242418],"error":0.9262549691,"datetime":"28\/10\/2023 12:57:17"}
{"x":[35.8981368897,32.2894521139,49.1282130753],"error":0.9261766605,"datetime":"28\/10\/2023 12:57:17"}
{"x":[34.7015323267,33.3314427858,51.4011990472],"error":0.9261335688,"datetime":"28\/10\/2023 12:57:18"}
{"x":[33.3453804886,34.5123655472,51.4082470657],"error":0.9260224952,"datetime":"28\/10\/2023 12:57:18"}
{"x":[31.0851274252,33.9981806079,51.4199937632],"error":0.9258814042,"datetime":"28\/10\/2023 12:57:18"}
{"x":[28.5235072867,34.9048714016,51.4333066871],"error":0.925650902,"datetime":"28\/10\/2023 12:57:18"}
{"x":[29.6388609225,36.6918437848,47.6495648941],"error":0.9255900212,"datetime":"28\/10\/2023 12:57:18"}
{"x":[27.6720960565,38.5515865162,45.6448821951],"error":0.9252790885,"datetime":"28\/10\/2023 12:57:18"}
{"x":[23.7958523315,39.6897635295,49.8627442233],"error":0.9249305988,"datetime":"28\/10\/2023 12:57:18"}
{"x":[19.7617574788,42.1565340013,50.1075879392],"error":0.9241725529,"datetime":"28\/10\/2023 12:57:18"}
{"x":[17.2928600593,42.5629623989,46.7156041486],"error":0.9234034983,"datetime":"28\/10\/2023 12:57:19"}
{"x":[11.9420199162,45.2464946828,45.1513898429],"error":0.9209115096,"datetime":"28\/10\/2023 12:57:19"}
{"x":[11.0604083476,49.0648720652,42.5025999644],"error":0.9196473851,"datetime":"28\/10\/2023 12:57:19"}
{"x":[5.2393753679,50.0,39.5256977236],"error":0.8884651587,"datetime":"28\/10\/2023 12:57:19"}
{"x":[0.000001,50.0,44.211568142],"error":0.2448510059,"datetime":"28\/10\/2023 12:57:19"}
{"x":[0.000001,50.0,43.733796791],"error":0.2448510802,"datetime":"28\/10\/2023 12:57:19"}
{"x":[0.000001,50.0,35.8181825331],"error":0.2448523158,"datetime":"28\/10\/2023 12:57:19"}
{"x":[0.000001,50.0,34.5522424229],"error":0.244852515,"datetime":"28\/10\/2023 12:57:19"}
{"x":[0.000001,50.0,36.8622976751],"error":0.2448521523,"datetime":"28\/10\/2023 12:57:19"}
{"x":[0.000001,50.0,43.3757898106],"error":0.2448511358,"datetime":"28\/10\/2023 12:57:19"}
{"x":[0.000001,50.0,47.1482545521],"error":0.2448505488,"datetime":"28\/10\/2023 12:57:19"}
{"x":[0.000001,50.0,50.9249452251],"error":0.2448499625,"datetime":"28\/10\/2023 12:57:19"}
{"x":[0.000001,50.0,55.4792377767],"error":0.2448490923,"datetime":"28\/10\/2023 12:57:19"}
{"x":[0.000001,50.0,61.6848844772],"error":0.2448478607,"datetime":"28\/10\/2023 12:57:19"}
{"x":[0.000001,50.0,61.1718087523],"error":0.244847964,"datetime":"28\/10\/2023 12:57:19"}
{"x":[0.000001,50.0,71.6428574944],"error":0.2448458218,"datetime":"28\/10\/2023 12:57:19"}
{"x":[0.000001,50.0,80.7866206118],"error":0.2448439235,"datetime":"28\/10\/2023 12:57:19"}
{"x":[0.000001,50.0,84.8372640025],"error":0.244843085,"datetime":"28\/10\/2023 12:57:19"}
{"x":[0.000001,50.0,96.1413702616],"error":0.2448407833,"datetime":"28\/10\/2023 12:57:19"}
{"x":[0.000001,50.0,97.9034414815],"error":0.2448404319,"datetime":"28\/10\/2023 12:57:19"}
{"x":[0.000001,50.0,100.0],"error":0.2448400171,"datetime":"28\/10\/2023 12:57:19"}
{"x":[0.000001,50.0,100.0],"error":0.2448400171,"datetime":"28\/10\/2023 12:57:19"}
{"x":[0.000001,50.0,100.0],"error":0.2448400171,"datetime":"28\/10\/2023 12:57:19"}
{"x":[0.000001,50.0,100.0],"error":0.2448400171,"datetime":"28\/10\/2023 12:57:19"}
{"x":[0.000001,50.0,100.0],"error":0.2448400171,"datetime":"28\/10\/2023 12:57:19"}
