{"raw_weights":{},"x0":[38.7699878409,29.7886745015,51.3800549916],"x_description":["k1","k-1","k2"],"bounds":[[0.000001,100],[0,50],[0.000001,100]],"maxiter":50000,"datetime":"28\/10\/2023 12:57:16"}
