{"x":[86.4797588369,42.7651257466,81.1023400674],"error":0.9274637311,"datetime":"28\/10\/2023 12:56:57"}
{"x":[90.8037467787,42.7651257466,81.1023400674],"error":0.9274958487,"datetime":"28\/10\/2023 12:56:57"}
{"x":[86.4797588369,44.9033820339,81.1023400674],"error":0.9274519379,"datetime":"28\/10\/2023 12:56:57"}
{"x":[86.4797588369,42.7651257466,85.1574570708],"error":0.9274820522,"datetime":"28\/10\/2023 12:56:57"}
{"x":[82.155770895,44.1906299382,83.805751403],"error":0.9274328751,"datetime":"28\/10\/2023 12:56:57"}
{"x":[79.2731122671,44.665798002,84.7068885149],"error":0.9274083152,"datetime":"28\/10\/2023 12:56:57"}
{"x":[81.6753277904,45.4577447751,79.4502553623],"error":0.9273990414,"datetime":"28\/10\/2023 12:56:57"}
{"x":[80.0738507749,46.3552844513,77.5478547929],"error":0.9273675299,"datetime":"28\/10\/2023 12:56:58"}
{"x":[77.4047224157,47.8511839115,81.135715516],"error":0.9273519245,"datetime":"28\/10\/2023 12:56:58"}
{"x":[74.3797102753,49.5465366332,81.1468406655],"error":0.9273079908,"datetime":"28\/10\/2023 12:56:58"}
{"x":[69.3380233747,48.8083640237,81.1653825814],"error":0.9272508633,"datetime":"28\/10\/2023 12:56:58"}
{"x":[63.624111554,50.0,81.1863967527],"error":0.9271586502,"datetime":"28\/10\/2023 12:56:58"}
{"x":[66.1120028023,50.0,75.2138396259],"error":0.9271539509,"datetime":"28\/10\/2023 12:56:58"}
{"x":[61.724966314,50.0,72.0494899962],"error":0.9270540811,"datetime":"28\/10\/2023 12:56:59"}
{"x":[53.078674654,50.0,78.7072968168],"error":0.9269330326,"datetime":"28\/10\/2023 12:56:59"}
{"x":[44.0802826137,50.0,79.0937774915],"error":0.9266768334,"datetime":"28\/10\/2023 12:56:59"}
{"x":[38.5731967125,50.0,73.7396021615],"error":0.9263922748,"datetime":"28\/10\/2023 12:56:59"}
{"x":[26.6376921916,50.0,71.2705226601],"error":0.9255219085,"datetime":"28\/10\/2023 12:56:59"}
{"x":[24.6711825256,50.0,67.0894633458],"error":0.9252152423,"datetime":"28\/10\/2023 12:56:59"}
{"x":[11.6868728495,50.0,62.3904855435],"error":0.9216066806,"datetime":"28\/10\/2023 12:56:59"}
{"x":[0.000001,50.0,69.7870338005],"error":0.2448462058,"datetime":"28\/10\/2023 12:56:59"}
{"x":[0.000001,50.0,69.0328817352],"error":0.2448463615,"datetime":"28\/10\/2023 12:56:59"}
{"x":[0.000001,50.0,56.5382505112],"error":0.2448488848,"datetime":"28\/10\/2023 12:56:59"}
{"x":[0.000001,50.0,54.5399905767],"error":0.2448492751,"datetime":"28\/10\/2023 12:56:59"}
{"x":[0.000001,50.0,58.1863643821],"error":0.2448485596,"datetime":"28\/10\/2023 12:56:59"}
{"x":[0.000001,50.0,68.4677752192],"error":0.2448464779,"datetime":"28\/10\/2023 12:56:59"}
{"x":[0.000001,50.0,74.4225317566],"error":0.2448452457,"datetime":"28\/10\/2023 12:56:59"}
{"x":[0.000001,50.0,80.3839588384],"error":0.2448440071,"datetime":"28\/10\/2023 12:56:59"}
{"x":[0.000001,50.0,87.5728141899],"error":0.2448425219,"datetime":"28\/10\/2023 12:56:59"}
{"x":[0.000001,50.0,97.3682974592],"error":0.2448405383,"datetime":"28\/10\/2023 12:57:00"}
{"x":[0.000001,50.0,96.5584181795],"error":0.2448406999,"datetime":"28\/10\/2023 12:57:00"}
{"x":[0.000001,50.0,100.0],"error":0.2448400171,"datetime":"28\/10\/2023 12:57:00"}
{"x":[0.000001,50.0,100.0],"error":0.2448400171,"datetime":"28\/10\/2023 12:57:00"}
{"x":[0.000001,50.0,100.0],"error":0.2448400171,"datetime":"28\/10\/2023 12:57:00"}
{"x":[0.000001,50.0,100.0],"error":0.2448400171,"datetime":"28\/10\/2023 12:57:00"}
{"x":[0.000001,50.0,100.0],"error":0.2448400171,"datetime":"28\/10\/2023 12:57:00"}
