{"raw_weights":{},"x0":[86.4797588369,42.7651257466,81.1023400674],"x_description":["k1","k-1","k2"],"bounds":[[0.000001,100],[0,50],[0.000001,100]],"maxiter":50000,"datetime":"28\/10\/2023 12:56:56"}
