{"x":[53.816435609,17.1635434907,36.9067246105],"error":0.9268780477,"datetime":"28\/10\/2023 12:56:53"}
{"x":[56.5072573895,17.1635434907,36.9067246105],"error":0.926932587,"datetime":"28\/10\/2023 12:56:53"}
{"x":[53.816435609,18.0217206652,36.9067246105],"error":0.9268598801,"datetime":"28\/10\/2023 12:56:53"}
{"x":[53.816435609,17.1635434907,38.752060841],"error":0.9269134776,"datetime":"28\/10\/2023 12:56:54"}
{"x":[51.1256138286,17.735661607,38.1369487642],"error":0.9268300724,"datetime":"28\/10\/2023 12:56:54"}
{"x":[49.3317326416,17.9263676458,38.547023482],"error":0.9267901402,"datetime":"28\/10\/2023 12:56:54"}
{"x":[50.8266336308,18.2442110438,36.154920961],"error":0.926769713,"datetime":"28\/10\/2023 12:56:54"}
{"x":[49.8300329713,18.6044335615,35.2892076677],"error":0.9267158149,"datetime":"28\/10\/2023 12:56:54"}
{"x":[48.1690318723,19.2048044243,36.921912563],"error":0.9266952761,"datetime":"28\/10\/2023 12:56:54"}
{"x":[46.28656396,19.8852247356,36.9269752138],"error":0.9266242335,"datetime":"28\/10\/2023 12:56:55"}
{"x":[43.1491174396,19.5889632967,36.9354129652],"error":0.9265297832,"datetime":"28\/10\/2023 12:56:55"}
{"x":[39.5933447165,20.1113775072,36.9449757501],"error":0.926379489,"datetime":"28\/10\/2023 12:56:55"}
{"x":[41.1415617903,21.140989557,34.2270822724],"error":0.9263344897,"datetime":"28\/10\/2023 12:56:55"}
{"x":[38.4115048398,22.2125301941,32.7871018691],"error":0.9261296544,"datetime":"28\/10\/2023 12:56:55"}
{"x":[33.0309093729,22.8683213964,35.8168275544],"error":0.9259146173,"datetime":"28\/10\/2023 12:56:55"}
{"x":[27.4312015068,24.2896173414,35.99270085],"error":0.925426125,"datetime":"28\/10\/2023 12:56:55"}
{"x":[24.0041367487,24.5237919596,33.5562104324],"error":0.924920025,"datetime":"28\/10\/2023 12:56:56"}
{"x":[16.5766610116,26.0699810342,32.4326221719],"error":0.9233221697,"datetime":"28\/10\/2023 12:56:56"}
{"x":[15.352900189,28.2700415393,30.5299741772],"error":0.9225741606,"datetime":"28\/10\/2023 12:56:56"}
{"x":[7.2727520131,30.9895962166,28.3916403195],"error":0.9131961329,"datetime":"28\/10\/2023 12:56:56"}
{"x":[0.000001,32.0202662007,31.7575403584],"error":0.2448556717,"datetime":"28\/10\/2023 12:56:56"}
{"x":[0.000001,35.2895115363,31.4143531882],"error":0.2448551905,"datetime":"28\/10\/2023 12:56:56"}
{"x":[0.000001,37.27644185,25.4997096031],"error":0.2448560006,"datetime":"28\/10\/2023 12:56:56"}
{"x":[0.000001,42.9670520344,24.4378465687],"error":0.2448552325,"datetime":"28\/10\/2023 12:56:56"}
{"x":[0.000001,46.0324073972,25.8429659205],"error":0.2448545264,"datetime":"28\/10\/2023 12:56:56"}
{"x":[0.000001,50.0,24.9934077874],"error":0.2448540594,"datetime":"28\/10\/2023 12:56:56"}
{"x":[0.000001,48.2279338637,28.3973620931],"error":0.2448537514,"datetime":"28\/10\/2023 12:56:56"}
{"x":[0.000001,50.0,29.3632462565],"error":0.2448533409,"datetime":"28\/10\/2023 12:56:56"}
{"x":[0.000001,47.2259556565,32.7428249194],"error":0.2448531741,"datetime":"28\/10\/2023 12:56:56"}
{"x":[0.000001,48.6455901972,35.5111510363],"error":0.2448525391,"datetime":"28\/10\/2023 12:56:56"}
{"x":[0.000001,50.0,28.4975168653],"error":0.2448534809,"datetime":"28\/10\/2023 12:56:56"}
{"x":[0.000001,49.0970601314,37.2545349846],"error":0.2448522052,"datetime":"28\/10\/2023 12:56:56"}
{"x":[0.000001,48.7960801753,41.3415773837],"error":0.2448516,"datetime":"28\/10\/2023 12:56:56"}
{"x":[0.000001,48.2944469149,42.313132919],"error":0.2448515085,"datetime":"28\/10\/2023 12:56:56"}
{"x":[0.000001,47.7259292199,46.9183382703],"error":0.2448508526,"datetime":"28\/10\/2023 12:56:56"}
{"x":[0.000001,46.7783997282,53.1507982037],"error":0.2448499842,"datetime":"28\/10\/2023 12:56:56"}
{"x":[0.000001,45.704532971,61.079982186],"error":0.244848583,"datetime":"28\/10\/2023 12:56:56"}
{"x":[0.000001,46.1721047136,64.048780857],"error":0.2448479198,"datetime":"28\/10\/2023 12:56:56"}
{"x":[0.000001,45.3476095524,73.5613241306],"error":0.2448460754,"datetime":"28\/10\/2023 12:56:56"}
{"x":[0.000001,43.7226343203,79.6981856743],"error":0.2448450172,"datetime":"28\/10\/2023 12:56:56"}
{"x":[0.000001,42.031485702,92.4837217711],"error":0.2448425799,"datetime":"28\/10\/2023 12:56:56"}
{"x":[0.000001,40.996489597,100.0],"error":0.244841179,"datetime":"28\/10\/2023 12:56:57"}
{"x":[0.000001,38.753343056,100.0],"error":0.2448414658,"datetime":"28\/10\/2023 12:56:57"}
{"x":[0.000001,39.8791902633,100.0],"error":0.244841322,"datetime":"28\/10\/2023 12:56:57"}
{"x":[0.000001,36.5905008224,100.0],"error":0.244841741,"datetime":"28\/10\/2023 12:56:57"}
{"x":[0.000001,36.2793014198,100.0],"error":0.2448417805,"datetime":"28\/10\/2023 12:56:57"}
{"x":[0.000001,37.4776731453,100.0],"error":0.2448416283,"datetime":"28\/10\/2023 12:56:57"}
{"x":[0.000001,42.3117345146,100.0],"error":0.2448410103,"datetime":"28\/10\/2023 12:56:57"}
{"x":[0.000001,44.218812412,100.0],"error":0.2448407649,"datetime":"28\/10\/2023 12:56:57"}
{"x":[0.000001,45.9186550363,100.0],"error":0.2448405455,"datetime":"28\/10\/2023 12:56:57"}
{"x":[0.000001,48.7323156666,100.0],"error":0.2448401814,"datetime":"28\/10\/2023 12:56:57"}
{"x":[0.000001,49.4192215205,100.0],"error":0.2448400924,"datetime":"28\/10\/2023 12:56:57"}
{"x":[0.000001,50.0,100.0],"error":0.2448400171,"datetime":"28\/10\/2023 12:56:57"}
{"x":[0.000001,50.0,100.0],"error":0.2448400171,"datetime":"28\/10\/2023 12:56:57"}
{"x":[0.000001,50.0,100.0],"error":0.2448400171,"datetime":"28\/10\/2023 12:56:57"}
{"x":[0.000001,50.0,100.0],"error":0.2448400171,"datetime":"28\/10\/2023 12:56:57"}
{"x":[0.000001,50.0,100.0],"error":0.2448400171,"datetime":"28\/10\/2023 12:56:57"}
