{"x":[51.1821629582,47.5231848163,14.4159621278],"error":0.9238112003,"datetime":"28\/10\/2023 12:56:53"}
{"x":[53.7412711061,47.5231848163,14.4159621278],"error":0.9239851585,"datetime":"28\/10\/2023 12:56:53"}
{"x":[51.1821629582,49.8993440571,14.4159621278],"error":0.9236716548,"datetime":"28\/10\/2023 12:56:54"}
{"x":[51.1821629582,47.5231848163,15.1367602342],"error":0.9239940256,"datetime":"28\/10\/2023 12:56:54"}
{"x":[52.8882350568,49.1072909768,13.6951640214],"error":0.9236368577,"datetime":"28\/10\/2023 12:56:54"}
{"x":[53.4569257563,49.6353263637,13.2146319505],"error":0.923498695,"datetime":"28\/10\/2023 12:56:54"}
{"x":[50.1395633424,50.0,13.6150753429],"error":0.9233485428,"datetime":"28\/10\/2023 12:56:54"}
{"x":[48.9389940878,50.0,13.3481130813],"error":0.923161705,"datetime":"28\/10\/2023 12:56:54"}
{"x":[51.2032255767,50.0,12.9031759786],"error":0.9231997589,"datetime":"28\/10\/2023 12:56:54"}
{"x":[51.2172673224,49.8575401853,11.8946518791],"error":0.9228330702,"datetime":"28\/10\/2023 12:56:55"}
{"x":[51.2289687771,49.8436055614,11.0542151296],"error":0.9224680348,"datetime":"28\/10\/2023 12:56:55"}
{"x":[47.4571998714,50.0,11.6557041758],"error":0.922366997,"datetime":"28\/10\/2023 12:56:55"}
{"x":[45.4572912431,50.0,11.1360615842],"error":0.9219004261,"datetime":"28\/10\/2023 12:56:55"}
{"x":[45.880277162,49.895737041,10.7890838848],"error":0.9217769989,"datetime":"28\/10\/2023 12:56:55"}
{"x":[44.1059610237,49.8609827213,10.0843865202],"error":0.9211439135,"datetime":"28\/10\/2023 12:56:55"}
{"x":[44.9224866081,49.8030588551,8.1683290747],"error":0.9197348138,"datetime":"28\/10\/2023 12:56:56"}
{"x":[43.5836507815,49.7374118068,6.4417344058],"error":0.9168849949,"datetime":"28\/10\/2023 12:56:56"}
{"x":[37.5356332551,49.8886574573,7.3872398773],"error":0.9168949111,"datetime":"28\/10\/2023 12:56:56"}
{"x":[38.0262054638,49.6580346569,4.8061789513],"error":0.9033173343,"datetime":"28\/10\/2023 12:56:56"}
{"x":[35.5491768707,49.5440462093,2.6962180737],"error":0.7791166286,"datetime":"28\/10\/2023 12:56:56"}
{"x":[33.6730129146,49.5857609277,0.9324083844],"error":0.2564509789,"datetime":"28\/10\/2023 12:56:56"}
{"x":[30.1953635448,49.4940203298,0.000001],"error":0.2437065865,"datetime":"28\/10\/2023 12:56:57"}
{"x":[35.349827543,49.2949947733,0.000001],"error":0.2436607251,"datetime":"28\/10\/2023 12:56:57"}
{"x":[34.6212256389,49.0971072119,0.000001],"error":0.2436652527,"datetime":"28\/10\/2023 12:56:57"}
{"x":[23.8125945242,49.1512957347,0.000001],"error":0.2437879082,"datetime":"28\/10\/2023 12:56:57"}
{"x":[24.0226802039,49.0828276826,0.000001],"error":0.2437840755,"datetime":"28\/10\/2023 12:56:57"}
{"x":[35.8993196703,49.4299327891,0.000001],"error":0.2436573988,"datetime":"28\/10\/2023 12:56:57"}
{"x":[39.9282280524,49.5228118072,0.000001],"error":0.2436337566,"datetime":"28\/10\/2023 12:56:57"}
{"x":[46.2929325562,49.7917235909,0.000001],"error":0.2436094026,"datetime":"28\/10\/2023 12:56:57"}
{"x":[53.716350007,50.0,0.000001],"error":0.2435949177,"datetime":"28\/10\/2023 12:56:57"}
{"x":[55.8009068567,49.7178507239,0.000001],"error":0.2435930475,"datetime":"28\/10\/2023 12:56:57"}
{"x":[64.3360879606,49.7924608552,0.000001],"error":0.2435925196,"datetime":"28\/10\/2023 12:56:57"}
{"x":[69.9706164704,50.0,0.000001],"error":0.2435965199,"datetime":"28\/10\/2023 12:56:57"}
{"x":[85.4204749063,50.0,0.000001],"error":0.2436210345,"datetime":"28\/10\/2023 12:56:57"}
{"x":[75.9429234784,50.0,0.000001],"error":0.2436042362,"datetime":"28\/10\/2023 12:56:57"}
{"x":[49.4057794803,49.8616405701,0.000001],"error":0.2436017554,"datetime":"28\/10\/2023 12:56:57"}
{"x":[54.9343511465,49.8904654514,0.000001],"error":0.2435936824,"datetime":"28\/10\/2023 12:56:58"}
{"x":[45.3539096057,49.7886175377,0.000001],"error":0.2436122577,"datetime":"28\/10\/2023 12:56:58"}
{"x":[64.8421358736,49.955961987,0.000001],"error":0.2435924663,"datetime":"28\/10\/2023 12:56:58"}
{"x":[69.0253666469,49.7592588624,0.000001],"error":0.2435962069,"datetime":"28\/10\/2023 12:56:58"}
{"x":[56.9057284736,49.9498455963,0.000001],"error":0.2435922294,"datetime":"28\/10\/2023 12:56:58"}
{"x":[69.1216170587,49.9083801743,0.000001],"error":0.2435959016,"datetime":"28\/10\/2023 12:56:58"}
{"x":[57.8900315449,49.8941976853,0.000001],"error":0.2435918045,"datetime":"28\/10\/2023 12:56:58"}
{"x":[55.4225093007,50.0,0.000001],"error":0.2435932321,"datetime":"28\/10\/2023 12:56:58"}
{"x":[62.4790924065,49.8511584529,0.000001],"error":0.2435916728,"datetime":"28\/10\/2023 12:56:58"}
{"x":[53.3410990764,49.8408391693,0.000001],"error":0.2435953509,"datetime":"28\/10\/2023 12:56:58"}
{"x":[62.4460865408,49.9319780667,0.000001],"error":0.2435915339,"datetime":"28\/10\/2023 12:56:58"}
{"x":[64.9710785212,49.8350438736,0.000001],"error":0.2435927828,"datetime":"28\/10\/2023 12:56:58"}
{"x":[58.5860097335,49.9259285708,0.000001],"error":0.2435915455,"datetime":"28\/10\/2023 12:56:58"}
{"x":[64.450760909,49.9118457082,0.000001],"error":0.2435923463,"datetime":"28\/10\/2023 12:56:58"}
{"x":[59.2568501624,49.8978743567,0.000001],"error":0.2435914204,"datetime":"28\/10\/2023 12:56:59"}
{"x":[57.7135385514,49.9860288766,0.000001],"error":0.2435918062,"datetime":"28\/10\/2023 12:56:59"}
{"x":[61.4862686867,49.8792564578,0.000001],"error":0.2435914181,"datetime":"28\/10\/2023 12:56:59"}
{"x":[63.5401271931,49.8801440167,0.000001],"error":0.2435919881,"datetime":"28\/10\/2023 12:56:59"}
{"x":[59.6181175376,49.916390122,0.000001],"error":0.2435913467,"datetime":"28\/10\/2023 12:56:59"}
{"x":[57.794737717,49.8637025577,0.000001],"error":0.2435918657,"datetime":"28\/10\/2023 12:56:59"}
{"x":[61.4770555359,49.9177540023,0.000001],"error":0.2435913615,"datetime":"28\/10\/2023 12:56:59"}
{"x":[62.464111011,49.9110593646,0.000001],"error":0.2435915721,"datetime":"28\/10\/2023 12:56:59"}
{"x":[59.9250295059,49.9006212334,0.000001],"error":0.243591334,"datetime":"28\/10\/2023 12:56:59"}
{"x":[59.1938663662,49.9439204473,0.000001],"error":0.2435913844,"datetime":"28\/10\/2023 12:56:59"}
{"x":[59.671450183,49.9304487828,0.000001],"error":0.2435913247,"datetime":"28\/10\/2023 12:56:59"}
{"x":[57.9993426151,49.9138860899,0.000001],"error":0.2435917473,"datetime":"28\/10\/2023 12:56:59"}
{"x":[60.7525320107,49.9169481872,0.000001],"error":0.2435912986,"datetime":"28\/10\/2023 12:56:59"}
{"x":[60.6145569288,49.9156220136,0.000001],"error":0.2435912963,"datetime":"28\/10\/2023 12:56:59"}
{"x":[60.9467033925,49.9153659775,0.000001],"error":0.2435913109,"datetime":"28\/10\/2023 12:57:00"}
{"x":[60.7673299091,49.9413914224,0.000001],"error":0.2435912674,"datetime":"28\/10\/2023 12:57:00"}
{"x":[61.0480967102,49.9549814854,0.000001],"error":0.2435912647,"datetime":"28\/10\/2023 12:57:00"}
{"x":[61.9386735834,49.927919008,0.000001],"error":0.2435914237,"datetime":"28\/10\/2023 12:57:00"}
{"x":[60.1437883914,49.9299217464,0.000001],"error":0.2435912857,"datetime":"28\/10\/2023 12:57:00"}
{"x":[60.4517626762,49.9500686431,0.000001],"error":0.2435912521,"datetime":"28\/10\/2023 12:57:00"}
{"x":[60.3515062314,49.961108795,0.000001],"error":0.2435912402,"datetime":"28\/10\/2023 12:57:00"}
{"x":[60.4143706265,49.9817193376,0.000001],"error":0.2435912135,"datetime":"28\/10\/2023 12:57:00"}
{"x":[60.3476418591,50.0,0.000001],"error":0.243591193,"datetime":"28\/10\/2023 12:57:00"}
{"x":[61.0210414757,50.0,0.000001],"error":0.2435912027,"datetime":"28\/10\/2023 12:57:00"}
{"x":[60.0986963339,50.0,0.000001],"error":0.2435912057,"datetime":"28\/10\/2023 12:57:00"}
{"x":[60.6267468811,50.0,0.000001],"error":0.2435911893,"datetime":"28\/10\/2023 12:57:00"}
{"x":[60.7184937644,50.0,0.000001],"error":0.2435911905,"datetime":"28\/10\/2023 12:57:01"}
{"x":[61.2315904767,50.0,0.000001],"error":0.2435912186,"datetime":"28\/10\/2023 12:57:01"}
{"x":[60.334715947,50.0,0.000001],"error":0.2435911935,"datetime":"28\/10\/2023 12:57:01"}
{"x":[59.8516949825,50.0,0.000001],"error":0.2435912271,