{"raw_weights":{},"x0":[51.1821629582,47.5231848163,14.4159621278],"x_description":["k1","k-1","k2"],"bounds":[[0.000001,100],[0,50],[0.000001,100]],"maxiter":50000,"datetime":"28\/10\/2023 12:56:49"}
