{"x":[25.08244656,47.337647143,18.9320392647],"error":0.9216504723,"datetime":"28\/10\/2023 12:56:56"}
{"x":[26.336568888,47.337647143,18.9320392647],"error":0.9219395929,"datetime":"28\/10\/2023 12:56:57"}
{"x":[25.08244656,49.7045295001,18.9320392647],"error":0.9214335285,"datetime":"28\/10\/2023 12:56:57"}
{"x":[25.08244656,47.337647143,19.8786412279],"error":0.921896509,"datetime":"28\/10\/2023 12:56:57"}
{"x":[23.828324232,48.9155687144,19.5631072401],"error":0.9213569932,"datetime":"28\/10\/2023 12:56:57"}
{"x":[22.99224268,49.4415425715,19.773463232],"error":0.9211313734,"datetime":"28\/10\/2023 12:56:57"}
{"x":[23.6889773067,50.0,18.546386613],"error":0.9209115701,"datetime":"28\/10\/2023 12:56:57"}
{"x":[23.2244875556,50.0,18.1023017413],"error":0.9206250023,"datetime":"28\/10\/2023 12:56:57"}
{"x":[22.4503379704,50.0,18.9398302273],"error":0.9206578288,"datetime":"28\/10\/2023 12:56:58"}
{"x":[20.6955989106,49.9231655476,18.9450242024],"error":0.9200459828,"datetime":"28\/10\/2023 12:56:58"}
{"x":[19.2333163608,49.9960442301,18.949352515],"error":0.9194095183,"datetime":"28\/10\/2023 12:56:58"}
{"x":[20.2798519112,50.0,17.5541930905],"error":0.9193085048,"datetime":"28\/10\/2023 12:56:58"}
{"x":[19.3757216549,50.0,16.8144363766],"error":0.9184873852,"datetime":"28\/10\/2023 12:56:58"}
{"x":[18.7720124105,49.99736282,16.9708968613],"error":0.9182221585,"datetime":"28\/10\/2023 12:56:58"}
{"x":[17.5459038905,49.9964837601,16.3145857393],"error":0.9169043699,"datetime":"28\/10\/2023 12:56:59"}
{"x":[14.2121403819,49.9950186601,16.6166146793],"error":0.9128483331,"datetime":"28\/10\/2023 12:56:59"}
{"x":[11.2080246574,49.9933582134,16.1213856587],"error":0.9004552893,"datetime":"28\/10\/2023 12:56:59"}
{"x":[12.8531171077,49.9971837523,13.8842526681],"error":0.9012781603,"datetime":"28\/10\/2023 12:56:59"}
{"x":[8.3623087822,49.9913504838,14.0657130007],"error":0.8445949318,"datetime":"28\/10\/2023 12:56:59"}
{"x":[4.6911711579,49.9884673118,13.1494718754],"error":0.6224423718,"datetime":"28\/10\/2023 12:56:59"}
{"x":[1.6223047248,49.9895224249,12.4554877288],"error":0.180427536,"datetime":"28\/10\/2023 12:56:59"}
{"x":[0.000001,49.9872019799,11.1691217252],"error":0.2448565583,"datetime":"28\/10\/2023 12:56:59"}
{"x":[0.000001,49.9837148812,13.9333108405],"error":0.2448559766,"datetime":"28\/10\/2023 12:56:59"}
{"x":[0.000001,49.9811115318,10.2374613045],"error":0.2448567741,"datetime":"28\/10\/2023 12:56:59"}
{"x":[0.000001,49.9810985802,11.2680347071],"error":0.2448565373,"datetime":"28\/10\/2023 12:56:59"}
{"x":[1.0815368166,49.9884457257,14.8670942131],"error":0.1305238244,"datetime":"28\/10\/2023 12:56:59"}
{"x":[1.4420487554,49.990890457,16.4103051826],"error":0.2080462586,"datetime":"28\/10\/2023 12:56:59"}
{"x":[1.8025606943,49.9933567744,16.2358938145],"error":0.27870172,"datetime":"28\/10\/2023 12:56:59"}
{"x":[0.3755342696,49.9836523706,12.3030053545],"error":0.1755292931,"datetime":"28\/10\/2023 12:56:59"}
{"x":[2.0529162073,49.9906987997,12.483747357],"error":0.250303164,"datetime":"28\/10\/2023 12:57:00"}
{"x":[0.4276916682,49.9851698642,13.6313184481],"error":0.1616753299,"datetime":"28\/10\/2023 12:57:00"}
{"x":[0.000001,49.9819895488,14.745457615],"error":0.2448558196,"datetime":"28\/10\/2023 12:57:00"}
{"x":[1.2081170276,49.9879530757,12.9325647884],"error":0.130424822,"datetime":"28\/10\/2023 12:57:00"}
{"x":[1.4360294053,49.9907267398,15.3176462786],"error":0.1919323122,"datetime":"28\/10\/2023 12:57:00"}
{"x":[0.5964707562,49.9851261975,12.931055547],"error":0.1403650769,"datetime":"28\/10\/2023 12:57:00"}
{"x":[1.4963913987,49.9891801351,13.5224912509],"error":0.1770553869,"datetime":"28\/10\/2023 12:57:00"}
{"x":[0.6503374454,49.9860053373,13.6086461154],"error":0.1310126195,"datetime":"28\/10\/2023 12:57:00"}
{"x":[1.3635234368,49.989809895,14.6744811976],"error":0.1704964837,"datetime":"28\/10\/2023 12:57:00"}
{"x":[0.756273398,49.9861019678,13.2942692242],"error":0.1225217299,"datetime":"28\/10\/2023 12:57:00"}
{"x":[1.380280716,49.9889951755,13.7873060351],"error":0.1621335997,"datetime":"28\/10\/2023 12:57:00"}
{"x":[0.8024089601,49.9866282203,13.645866932],"error":0.118657424,"datetime":"28\/10\/2023 12:57:00"}
{"x":[0.7629961073,49.9853431169,11.7147064166],"error":0.1283730649,"datetime":"28\/10\/2023 12:57:00"}
{"x":[0.339668616,49.9840957943,12.8373302601],"error":0.1794733335,"datetime":"28\/10\/2023 12:57:00"}
{"x":[1.0271902752,49.9871494754,12.9127242617],"error":0.1172694951,"datetime":"28\/10\/2023 12:57:00"}
{"x":[0.9609189816,49.9879099922,14.8538671953],"error":0.1193213112,"datetime":"28\/10\/2023 12:57:00"}
{"x":[1.1040720799,49.9883564907,14.3140363684],"error":0.1293808114,"datetime":"28\/10\/2023 12:57:01"}
{"x":[0.8287314567,49.9865716601,13.5067207126],"error":0.1177653701,"datetime":"28\/10\/2023 12:57:01"}
{"x":[0.8113014797,49.985656245,11.8563407422],"error":0.1238135983,"datetime":"28\/10\/2023 12:57:01"}
{"x":[0.9297486687,49.9874404615,14.2293825175],"error":0.1166486252,"datetime":"28\/10\/2023 12:57:01"}
{"x":[1.0547046403,49.9874795111,13.4533513959],"error":0.1202382416,"datetime":"28\/10\/2023 12:57:01"}
{"x":[0.8549705602,49.9868055725,13.6057595286],"error":0.116705184,"datetime":"28\/10\/2023 12:57:01"}
{"x":[1.0458748793,49.9876920129,13.6585234927],"error":0.12049115,"datetime":"28\/10\/2023 12:57:01"}
{"x":[0.8739696698,49.9868050669,13.5383462918],"error":0.1163593338,"datetime":"28\/10\/2023 12:57:01"}
{"x":[0.7452689906,49.9868845919,14.6696012969],"error":0.1193471438,"datetime":"28\/10\/2023 12:57:01"}
{"x":[0.9684566742,49.9870942914,13.2787403107],"error":0.116380075,"datetime":"28\/10\/2023 12:57:01"}
{"x":[0.993146115,49.987420974,13.758553218],"error":0.1179195919,"datetime":"28\/10\/2023 12:57:01"}
{"x":[0.8837571341,49.9869337812,13.6375915472],"error":0.1161490603,"datetime":"28\/10\/2023 12:57:01"}
{"x":[0.8877069833,49.9864482981,12.7404029156],"error":0.1170801441,"datetime":"28\/10\/2023 12:57:01"}
{"x":[0.9209899843,49.9872337608,13.9191784338],"error":0.1162203348,"datetime":"28\/10\/2023 12:57:01"}
{"x":[0.8173545179,49.9868874479,14.1180038712],"error":0.1170885574,"datetime":"28\/10\/2023 12:57:01"}
{"x":[0.9369770583,49.987051199,13.4535868858],"error":0.11612532,"datetime":"28\/10\/2023 12:57:01"}
{"x":[0.953846448,49.9873407604,13.8018916195],"error":0.1166784465,"datetime":"28\/10\/2023 12:57:01"}
{"x":[0.8906106652,49.9869166697,13.5932515684],"error":0.1161059296,"datetime":"28\/10\/2023 12:57:01"}
{"x":[0.8865732542,49.9867006724,13.2037749005],"error":0.1164550025,"datetime":"28\/10\/2023 12:57:02"}
{"x":[0.9138198322,49.9871227007,13.770136031],"error":0.1160788523,"datetime":"28\/10\/2023 12:57:02"}
{"x":[0.9438479031,49.9871265985,13.5737247762],"error":0.1162690213,"datetime":"28\/10\/2023 12:57:02"}
{"x":[0.8962760443,49.9869739514,13.6242859699],"error":0.1160572093,"datetime":"28\/10\/2023 12:57:02"}
{"x":[0.8634939695,49.9869576823,13.8715288271],"error":0.1162555943,"datetime":"28\/10\/2023 12:57:02"}
{"x":[0.9216680815,49.9870317163,13.5406581236],"error":0.1160537049,"datetime":"28\/10\/2023 12:57:02"}
{"x":[0.9305653067,49.9871689093,13.696801848],"error":0.1161950754,"datetime":"28\/10\/2023 12:57:02"}
{"x":[0.8989345489,49.9869692196,13.6148245433],"error":0.1160472617,"datetime":"28\/10\/2023 12:57:02"}
{"x":[0.8974326176,49.9868605575,13.4163763935],"error":0.1161292494,"datetime":"28\/10\/2023 12:57:02"}
{"x":[0.9104058291,49.9870680876,13.6964361065],"error":0.116042046,"datetime":"28\/10\/2023 12:57:02"}
{"x":[0.924396262,49.9870720643,13.6103265456],"error":0.1160929991,"datetime":"28\/10\/2023 12:57:02"}
{"x":[0.902134423,49.9869943916,13.6213777565],"error":0.1160358214,"datetime":"28\/10\/2023 12:57:02"}
{"x":[0.8859817858,49.9869894162,13.7477674807],"error":0.1160799621,"datetime":"28\/10\/2023 12:57:02"}
{"x":[0.9142334365,49.9870229038,13.5838059063],"error":0.1160356268,