{"raw_weights":{},"x0":[25.08244656,47.337647143,18.9320392647],"x_description":["k1","k-1","k2"],"bounds":[[0.000001,100],[0,50],[0.000001,100]],"maxiter":50000,"datetime":"28\/10\/2023 12:56:56"}
