{"x":[48.576104998,12.4867929533,72.0381169207],"error":0.9271884861,"datetime":"28\/10\/2023 12:57:10"}
{"x":[51.0049102479,12.4867929533,72.0381169207],"error":0.9272348203,"datetime":"28\/10\/2023 12:57:11"}
{"x":[48.576104998,13.1111326009,72.0381169207],"error":0.9271812527,"datetime":"28\/10\/2023 12:57:11"}
{"x":[48.576104998,12.4867929533,75.6400227668],"error":0.9272042993,"datetime":"28\/10\/2023 12:57:11"}
{"x":[46.1472997481,12.903019385,74.4393874848],"error":0.9271431505,"datetime":"28\/10\/2023 12:57:11"}
{"x":[44.5280962482,13.041761529,75.2398110061],"error":0.9271075844,"datetime":"28\/10\/2023 12:57:11"}
{"x":[45.8774324981,13.2729984355,70.5706737983],"error":0.9271138586,"datetime":"28\/10\/2023 12:57:11"}
{"x":[44.0783174982,13.7971354237,73.1942842293],"error":0.9270774422,"datetime":"28\/10\/2023 12:57:11"}
{"x":[42.5790549983,14.2339162471,73.5796733322],"error":0.9270349006,"datetime":"28\/10\/2023 12:57:12"}
{"x":[40.080284165,13.9213182068,74.2219885036],"error":0.9269709343,"datetime":"28\/10\/2023 12:57:12"}
{"x":[37.2483438874,14.1913800754,74.949945698],"error":0.9268780019,"datetime":"28\/10\/2023 12:57:12"}
{"x":[37.0262309244,14.3717067988,78.6089462259],"error":0.9268863305,"datetime":"28\/10\/2023 12:57:12"}
{"x":[33.3743236252,15.4895738853,76.1858991646],"error":0.9267100364,"datetime":"28\/10\/2023 12:57:12"}
{"x":[29.6563994175,16.3055113374,76.5012618841],"error":0.9265080933,"datetime":"28\/10\/2023 12:57:12"}
{"x":[26.7082611546,15.6784825607,79.7937625398],"error":0.9263527488,"datetime":"28\/10\/2023 12:57:12"}
{"x":[21.4179965401,16.1600046652,81.865125609],"error":0.9258879966,"datetime":"28\/10\/2023 12:57:13"}
{"x":[21.8555956389,16.7328905865,76.9352759015],"error":0.9258841998,"datetime":"28\/10\/2023 12:57:13"}
{"x":[16.7987172104,17.5199518491,76.3773857933],"error":0.925137689,"datetime":"28\/10\/2023 12:57:13"}
{"x":[8.0003982246,19.132265159,81.5459031596],"error":0.9216585205,"datetime":"28\/10\/2023 12:57:13"}
{"x":[0.000001,20.7792268536,83.7445556469],"error":0.2448471122,"datetime":"28\/10\/2023 12:57:13"}
{"x":[0.000001,20.0006109078,84.823449482],"error":0.2448469796,"datetime":"28\/10\/2023 12:57:13"}
{"x":[0.000001,21.2323107646,87.5975120146],"error":0.244846247,"datetime":"28\/10\/2023 12:57:13"}
{"x":[0.000001,23.5276549796,83.2811766942],"error":0.2448468753,"datetime":"28\/10\/2023 12:57:13"}
{"x":[0.000001,26.1728432161,93.3714437772],"error":0.2448444266,"datetime":"28\/10\/2023 12:57:13"}
{"x":[0.000001,29.0571403385,99.0361297718],"error":0.2448428864,"datetime":"28\/10\/2023 12:57:13"}
{"x":[0.000001,28.4321772016,96.1986566735],"error":0.2448435541,"datetime":"28\/10\/2023 12:57:13"}
{"x":[0.000001,28.9534305568,100.0],"error":0.2448427003,"datetime":"28\/10\/2023 12:57:13"}
{"x":[0.000001,30.7620224158,100.0],"error":0.2448424748,"datetime":"28\/10\/2023 12:57:13"}
{"x":[0.000001,37.6019158726,100.0],"error":0.2448416125,"datetime":"28\/10\/2023 12:57:13"}
{"x":[0.000001,43.0584509087,100.0],"error":0.2448409143,"datetime":"28\/10\/2023 12:57:13"}
{"x":[0.000001,40.1528985737,100.0],"error":0.244841287,"datetime":"28\/10\/2023 12:57:13"}
{"x":[0.000001,46.9251075937,100.0],"error":0.2448404154,"datetime":"28\/10\/2023 12:57:13"}
{"x":[0.000001,50.0,100.0],"error":0.2448400171,"datetime":"28\/10\/2023 12:57:13"}
{"x":[0.000001,50.0,100.0],"error":0.2448400171,"datetime":"28\/10\/2023 12:57:13"}
{"x":[0.000001,50.0,100.0],"error":0.2448400171,"datetime":"28\/10\/2023 12:57:13"}
{"x":[0.000001,50.0,100.0],"error":0.2448400171,"datetime":"28\/10\/2023 12:57:13"}
{"x":[0.000001,50.0,100.0],"error":0.2448400171,"datetime":"28\/10\/2023 12:57:13"}
