{"raw_weights":{},"x0":[48.576104998,12.4867929533,72.0381169207],"x_description":["k1","k-1","k2"],"bounds":[[0.000001,100],[0,50],[0.000001,100]],"maxiter":50000,"datetime":"28\/10\/2023 12:57:10"}
