{"x":[84.5074794347,8.0486545585,55.7744551788],"error":0.9275569666,"datetime":"28\/10\/2023 12:56:57"}
{"x":[88.7328534065,8.0486545585,55.7744551788],"error":0.9275816257,"datetime":"28\/10\/2023 12:56:57"}
{"x":[84.5074794347,8.4510872864,55.7744551788],"error":0.9275536358,"datetime":"28\/10\/2023 12:56:57"}
{"x":[84.5074794347,8.0486545585,58.5631779378],"error":0.9275699916,"datetime":"28\/10\/2023 12:56:57"}
{"x":[80.282105463,8.3169430437,57.6336036848],"error":0.9275363272,"datetime":"28\/10\/2023 12:56:58"}
{"x":[77.4651894818,8.4063725388,58.2533198534],"error":0.9275185138,"datetime":"28\/10\/2023 12:56:58"}
{"x":[79.8126194661,8.5554216973,54.6383088696],"error":0.9275157929,"datetime":"28\/10\/2023 12:56:58"}
{"x":[78.2476661433,8.7243440769,53.3300191802],"error":0.9274955826,"datetime":"28\/10\/2023 12:56:58"}
{"x":[75.6394106051,9.0058813763,55.7974076295],"error":0.9274867023,"datetime":"28\/10\/2023 12:56:58"}
{"x":[72.683387662,9.3249569823,55.8050584464],"error":0.9274591738,"datetime":"28\/10\/2023 12:56:58"}
{"x":[67.7566827566,9.1860284456,55.8178098079],"error":0.9274146634,"datetime":"28\/10\/2023 12:56:58"}
{"x":[62.1730838639,9.4310088321,55.8322613509],"error":0.9273504799,"datetime":"28\/10\/2023 12:56:59"}
{"x":[64.604235631,9.9138340554,51.7249061316],"error":0.9273463429,"datetime":"28\/10\/2023 12:56:59"}
{"x":[60.317251014,10.4163212275,49.5487682244],"error":0.9272698096,"datetime":"28\/10\/2023 12:56:59"}
{"x":[51.8681488833,10.7238472843,54.1273728342],"error":0.927169,"datetime":"28\/10\/2023 12:56:59"}
{"x":[43.0749764634,11.3903483534,54.3931573855],"error":0.9269653177,"datetime":"28\/10\/2023 12:56:59"}
{"x":[37.6934865656,11.5001619597,50.7110661941],"error":0.9267598341,"datetime":"28\/10\/2023 12:56:59"}
{"x":[26.0301862001,12.2252302856,49.0130687767],"error":0.9260962693,"datetime":"28\/10\/2023 12:56:59"}
{"x":[24.1085252544,13.2569244123,46.1377349068],"error":0.9258466358,"datetime":"28\/10\/2023 12:57:00"}
{"x":[11.4203390512,14.5322296057,42.9062260921],"error":0.9230776012,"datetime":"28\/10\/2023 12:57:00"}
{"x":[0.000001,15.0155509356,47.9928666119],"error":0.2448552632,"datetime":"28\/10\/2023 12:57:00"}
{"x":[0.000001,16.5486275049,47.4742327411],"error":0.2448550795,"datetime":"28\/10\/2023 12:57:00"}
{"x":[0.000001,17.4803765774,38.535861021],"error":0.244857243,"datetime":"28\/10\/2023 12:57:00"}
{"x":[0.000001,20.1489255064,36.9311444594],"error":0.2448569936,"datetime":"28\/10\/2023 12:57:00"}
{"x":[0.000001,21.5863901202,39.0545993889],"error":0.2448560975,"datetime":"28\/10\/2023 12:57:00"}
{"x":[0.000001,21.3755855103,43.7707900386],"error":0.2448550411,"datetime":"28\/10\/2023 12:57:00"}
{"x":[0.000001,22.6739884879,45.5157663777],"error":0.2448544053,"datetime":"28\/10\/2023 12:57:00"}
{"x":[0.000001,20.3904119023,51.0985878791],"error":0.2448535703,"datetime":"28\/10\/2023 12:57:00"}
{"x":[0.000001,20.4709073675,55.8210690189],"error":0.2448526036,"datetime":"28\/10\/2023 12:57:00"}
{"x":[0.000001,18.2092921201,60.1527793696],"error":0.2448520647,"datetime":"28\/10\/2023 12:57:00"}
{"x":[0.000001,17.0835927868,67.1855060298],"error":0.244850912,"datetime":"28\/10\/2023 12:57:00"}
{"x":[0.000001,23.6036982566,64.8739948766],"error":0.2448506019,"datetime":"28\/10\/2023 12:57:00"}
{"x":[0.000001,25.9553885071,70.6739155884],"error":0.2448492002,"datetime":"28\/10\/2023 12:57:00"}
{"x":[0.000001,19.6659372864,83.6045607137],"error":0.2448472757,"datetime":"28\/10\/2023 12:57:00"}
{"x":[0.000001,18.6632535525,96.3008254924],"error":0.2448447279,"datetime":"28\/10\/2023 12:57:00"}
{"x":[0.000001,20.6639158634,100.0],"error":0.2448437161,"datetime":"28\/10\/2023 12:57:00"}
{"x":[0.000001,20.7282520287,100.0],"error":0.2448437083,"datetime":"28\/10\/2023 12:57:00"}
{"x":[0.000001,26.4810032721,100.0],"error":0.2448430064,"datetime":"28\/10\/2023 12:57:00"}
{"x":[0.000001,29.6134734338,100.0],"error":0.2448426182,"datetime":"28\/10\/2023 12:57:00"}
{"x":[0.000001,20.0479308362,100.0],"error":0.2448437903,"datetime":"28\/10\/2023 12:57:00"}
{"x":[0.000001,28.26318398,100.0],"error":0.244842786,"datetime":"28\/10\/2023 12:57:00"}
{"x":[0.000001,32.3553421255,100.0],"error":0.2448422754,"datetime":"28\/10\/2023 12:57:00"}
{"x":[0.000001,36.4578125552,100.0],"error":0.2448417578,"datetime":"28\/10\/2023 12:57:00"}
{"x":[0.000001,42.1613946173,100.0],"error":0.2448410296,"datetime":"28\/10\/2023 12:57:00"}
{"x":[0.000001,49.3057754802,100.0],"error":0.2448401071,"datetime":"28\/10\/2023 12:57:00"}
{"x":[0.000001,48.6548569995,100.0],"error":0.2448401915,"datetime":"28\/10\/2023 12:57:00"}
{"x":[0.000001,50.0,100.0],"error":0.2448400171,"datetime":"28\/10\/2023 12:57:00"}
{"x":[0.000001,50.0,100.0],"error":0.2448400171,"datetime":"28\/10\/2023 12:57:00"}
{"x":[0.000001,50.0,100.0],"error":0.2448400171,"datetime":"28\/10\/2023 12:57:00"}
{"x":[0.000001,50.0,100.0],"error":0.2448400171,"datetime":"28\/10\/2023 12:57:00"}
{"x":[0.000001,50.0,100.0],"error":0.2448400171,"datetime":"28\/10\/2023 12:57:00"}
