{"raw_weights":{},"x0":[84.5074794347,8.0486545585,55.7744551788],"x_description":["k1","k-1","k2"],"bounds":[[0.000001,100],[0,50],[0.000001,100]],"maxiter":50000,"datetime":"28\/10\/2023 12:56:57"}
