{"x":[87.0249205268,14.3408604544,60.314815402],"error":0.927545913,"datetime":"28\/10\/2023 12:56:53"}
{"x":[91.3761665531,14.3408604544,60.314815402],"error":0.9275717062,"datetime":"28\/10\/2023 12:56:53"}
{"x":[87.0249205268,15.0579034771,60.314815402],"error":0.9275406144,"datetime":"28\/10\/2023 12:56:53"}
{"x":[87.0249205268,14.3408604544,63.3305561721],"error":0.9275601068,"datetime":"28\/10\/2023 12:56:54"}
{"x":[82.6736745004,14.8188891362,62.3253092487],"error":0.9275235225,"datetime":"28\/10\/2023 12:56:54"}
{"x":[79.7728438162,14.9782320301,62.9954738643],"error":0.9275046127,"datetime":"28\/10\/2023 12:56:54"}
{"x":[82.1902027197,15.24380352,59.0861802734],"error":0.9275000407,"datetime":"28\/10\/2023 12:56:54"}
{"x":[80.5786301174,15.5447845419,57.6713883072],"error":0.9274774999,"datetime":"28\/10\/2023 12:56:54"}
{"x":[77.8926757801,16.0464195784,60.3396363137],"error":0.9274674806,"datetime":"28\/10\/2023 12:56:54"}
{"x":[74.8485941979,16.6149392864,60.3479099509],"error":0.9274367218,"datetime":"28\/10\/2023 12:56:55"}
{"x":[69.7751248942,16.3674004285,60.3616993463],"error":0.9273903485,"datetime":"28\/10\/2023 12:56:55"}
{"x":[64.0251930167,16.8038994123,60.3773273277],"error":0.927320877,"datetime":"28\/10\/2023 12:56:55"}
{"x":[66.5287677385,17.6641834636,55.9356098596],"error":0.9273111871,"datetime":"28\/10\/2023 12:56:55"}
{"x":[62.1140757126,18.5595006081,53.582321858],"error":0.9272241024,"datetime":"28\/10\/2023 12:56:55"}
{"x":[53.4132785008,19.1074416626,58.5336511172],"error":0.9271168496,"datetime":"28\/10\/2023 12:56:55"}
{"x":[44.3581612952,20.2949940362,58.8210720539],"error":0.9268919142,"datetime":"28\/10\/2023 12:56:55"}
{"x":[38.8163591517,20.4906567514,54.8392375422],"error":0.9266626717,"datetime":"28\/10\/2023 12:56:56"}
{"x":[26.8056141364,21.782562573,53.003013406],"error":0.9259235741,"datetime":"28\/10\/2023 12:56:56"}
{"x":[24.826707746,23.6208053992,49.8936108842],"error":0.9256192818,"datetime":"28\/10\/2023 12:56:56"}
{"x":[11.7605459892,25.8931073948,46.3990387364],"error":0.9224510704,"datetime":"28\/10\/2023 12:56:56"}
{"x":[0.000001,26.7542753946,51.8997609395],"error":0.2448525242,"datetime":"28\/10\/2023 12:56:56"}
{"x":[0.000001,29.4858669901,51.3389072999],"error":0.2448522812,"datetime":"28\/10\/2023 12:56:56"}
{"x":[0.000001,31.1460306025,41.6729009076],"error":0.2448538537,"datetime":"28\/10\/2023 12:56:56"}
{"x":[0.000001,35.9007740853,39.9375512233],"error":0.2448534928,"datetime":"28\/10\/2023 12:56:56"}
{"x":[0.000001,38.462007057,42.2338675508],"error":0.2448527434,"datetime":"28\/10\/2023 12:56:56"}
{"x":[0.000001,38.0864014858,47.3339831418],"error":0.2448519255,"datetime":"28\/10\/2023 12:56:56"}
{"x":[0.000001,40.3998584469,49.2210105532],"error":0.2448513401,"datetime":"28\/10\/2023 12:56:56"}
{"x":[0.000001,36.3310475775,55.2583057127],"error":0.2448508171,"datetime":"28\/10\/2023 12:56:56"}
{"x":[0.000001,36.4744720748,60.3652238758],"error":0.2448499538,"datetime":"28\/10\/2023 12:56:56"}
{"x":[0.000001,32.4447912842,65.0495602684],"error":0.2448495338,"datetime":"28\/10\/2023 12:56:56"}
{"x":[0.000001,30.4390526933,72.6547911743],"error":0.2448482351,"datetime":"28\/10\/2023 12:56:56"}
{"x":[0.000001,42.0563884866,70.1551097689],"error":0.2448472333,"datetime":"28\/10\/2023 12:56:56"}
{"x":[0.000001,46.2465623188,76.4271772586],"error":0.244845354,"datetime":"28\/10\/2023 12:56:56"}
{"x":[0.000001,35.040199611,90.4104509859],"error":0.2448439243,"datetime":"28\/10\/2023 12:56:56"}
{"x":[0.000001,33.2536466657,100.0],"error":0.2448421626,"datetime":"28\/10\/2023 12:56:56"}
{"x":[0.000001,36.8183690436,100.0],"error":0.2448417121,"datetime":"28\/10\/2023 12:56:56"}
{"x":[0.000001,36.9330013666,100.0],"error":0.2448416975,"datetime":"28\/10\/2023 12:56:56"}
{"x":[0.000001,47.1830875407,100.0],"error":0.2448403821,"datetime":"28\/10\/2023 12:56:56"}
{"x":[0.000001,50.0,100.0],"error":0.2448400171,"datetime":"28\/10\/2023 12:56:56"}
{"x":[0.000001,33.8778697027,100.0],"error":0.244842084,"datetime":"28\/10\/2023 12:56:56"}
{"x":[0.000001,47.2869340472,100.0],"error":0.2448403686,"datetime":"28\/10\/2023 12:56:56"}
{"x":[0.000001,50.0,100.0],"error":0.2448400171,"datetime":"28\/10\/2023 12:56:57"}
{"x":[0.000001,50.0,100.0],"error":0.2448400171,"datetime":"28\/10\/2023 12:56:57"}
{"x":[0.000001,50.0,100.0],"error":0.2448400171,"datetime":"28\/10\/2023 12:56:57"}
{"x":[0.000001,50.0,100.0],"error":0.2448400171,"datetime":"28\/10\/2023 12:56:57"}
