{"raw_weights":{},"x0":[87.0249205268,14.3408604544,60.314815402],"x_description":["k1","k-1","k2"],"bounds":[[0.000001,100],[0,50],[0.000001,100]],"maxiter":50000,"datetime":"28\/10\/2023 12:56:49"}
