{"x":[12.8570211483,24.963893122,60.1498361608],"error":0.9234981999,"datetime":"28\/10\/2023 12:56:56"}
{"x":[13.4998722058,24.963893122,60.1498361608],"error":0.9237236774,"datetime":"28\/10\/2023 12:56:57"}
{"x":[12.8570211483,26.2120877781,60.1498361608],"error":0.923428921,"datetime":"28\/10\/2023 12:56:57"}
{"x":[12.8570211483,24.963893122,63.1573279689],"error":0.9235773278,"datetime":"28\/10\/2023 12:56:57"}
{"x":[12.2141700909,25.7960228927,62.1548306995],"error":0.923257801,"datetime":"28\/10\/2023 12:56:57"}
{"x":[11.7856027193,26.073399483,62.8231622124],"error":0.9230792494,"datetime":"28\/10\/2023 12:56:57"}
{"x":[12.1427421957,26.5356938001,58.9245617205],"error":0.9230888504,"datetime":"28\/10\/2023 12:56:57"}
{"x":[11.6665562272,27.5835609188,61.1152039017],"error":0.9228852635,"datetime":"28\/10\/2023 12:56:57"}
{"x":[11.2697345868,28.4567835177,61.4369931486],"error":0.9226526126,"datetime":"28\/10\/2023 12:56:58"}
{"x":[10.6083651862,27.831830089,61.9733085602],"error":0.9223627973,"datetime":"28\/10\/2023 12:56:58"}
{"x":[9.8588131988,28.3717441927,62.5811326934],"error":0.9218972377,"datetime":"28\/10\/2023 12:56:58"}
{"x":[9.8000248076,28.7322576622,65.6362969824],"error":0.9219404064,"datetime":"28\/10\/2023 12:56:58"}
{"x":[8.8334456762,30.9671240987,63.6131196705],"error":0.9209877698,"datetime":"28\/10\/2023 12:56:58"}
{"x":[7.8493933285,32.5983656373,63.8764388232],"error":0.9198957759,"datetime":"28\/10\/2023 12:56:58"}
{"x":[7.0690863031,31.3447948104,66.6255858507],"error":0.9191539993,"datetime":"28\/10\/2023 12:56:58"}
{"x":[5.6688702086,32.3074652413,68.3551167514],"error":0.9160943032,"datetime":"28\/10\/2023 12:56:59"}
{"x":[5.7846930163,33.4527923854,64.2388285295],"error":0.9158441716,"datetime":"28\/10\/2023 12:56:59"}
{"x":[4.4462490858,35.0263039597,63.7730057119],"error":0.9064422895,"datetime":"28\/10\/2023 12:56:59"}
{"x":[2.1175285497,38.2496790329,68.088574831],"error":0.7714510186,"datetime":"28\/10\/2023 12:56:59"}
{"x":[0.000001,41.5423239796,69.9243888769],"error":0.2448473506,"datetime":"28\/10\/2023 12:56:59"}
{"x":[0.000001,39.9856964832,70.8252354035],"error":0.2448473737,"datetime":"28\/10\/2023 12:56:59"}
{"x":[0.000001,45.395417707,67.9933032435],"error":0.2448472216,"datetime":"28\/10\/2023 12:56:59"}
{"x":[0.000001,49.7580685289,67.8726987409],"error":0.2448466348,"datetime":"28\/10\/2023 12:56:59"}
{"x":[0.000001,50.0,75.3085429689],"error":0.2448450618,"datetime":"28\/10\/2023 12:56:59"}
{"x":[0.000001,50.0,79.1537220546],"error":0.2448442627,"datetime":"28\/10\/2023 12:56:59"}
{"x":[0.000001,50.0,73.8086377113],"error":0.2448453731,"datetime":"28\/10\/2023 12:56:59"}
{"x":[0.000001,50.0,77.298983461],"error":0.2448446482,"datetime":"28\/10\/2023 12:56:59"}
{"x":[0.000001,50.0,85.6348634104],"error":0.2448429205,"datetime":"28\/10\/2023 12:56:59"}
{"x":[0.000001,50.0,91.555584967],"error":0.2448417083,"datetime":"28\/10\/2023 12:56:59"}
{"x":[0.000001,50.0,91.5302226104],"error":0.2448417135,"datetime":"28\/10\/2023 12:56:59"}
{"x":[0.000001,50.0,97.5273696269],"error":0.2448405067,"datetime":"28\/10\/2023 12:56:59"}
{"x":[0.000001,50.0,100.0],"error":0.2448400171,"datetime":"28\/10\/2023 12:56:59"}
{"x":[0.000001,50.0,100.0],"error":0.2448400171,"datetime":"28\/10\/2023 12:56:59"}
{"x":[0.000001,50.0,100.0],"error":0.2448400171,"datetime":"28\/10\/2023 12:56:59"}
{"x":[0.000001,50.0,100.0],"error":0.2448400171,"datetime":"28\/10\/2023 12:56:59"}
{"x":[0.000001,50.0,100.0],"error":0.2448400171,"datetime":"28\/10\/2023 12:56:59"}
