{"raw_weights":{},"x0":[12.8570211483,24.963893122,60.1498361608],"x_description":["k1","k-1","k2"],"bounds":[[0.000001,100],[0,50],[0.000001,100]],"maxiter":50000,"datetime":"28\/10\/2023 12:56:56"}
