{"x":[49.1598922689,11.7199761974,6.7607767516],"error":0.923913445,"datetime":"28\/10\/2023 12:57:03"}
{"x":[51.6178868823,11.7199761974,6.7607767516],"error":0.9240343758,"datetime":"28\/10\/2023 12:57:04"}
{"x":[49.1598922689,12.3059750073,6.7607767516],"error":0.923834286,"datetime":"28\/10\/2023 12:57:04"}
{"x":[49.1598922689,11.7199761974,7.0988155892],"error":0.9240878484,"datetime":"28\/10\/2023 12:57:04"}
{"x":[50.7985553445,12.1106420706,6.422737914],"error":0.9237514774,"datetime":"28\/10\/2023 12:57:04"}
{"x":[51.3447763697,12.2408640284,6.197378689],"error":0.9236211953,"datetime":"28\/10\/2023 12:57:04"}
{"x":[48.158487056,12.4579006246,6.3851780432],"error":0.9235355012,"datetime":"28\/10\/2023 12:57:04"}
{"x":[47.0053537806,12.7038754337,6.2599784737],"error":0.9233482485,"datetime":"28\/10\/2023 12:57:05"}
{"x":[49.1801226772,13.1138334489,6.0513125246],"error":0.9232745219,"datetime":"28\/10\/2023 12:57:05"}
{"x":[49.1868661467,13.5784525327,5.8148244489],"error":0.9230268096,"datetime":"28\/10\/2023 12:57:05"}
{"x":[49.1981052624,13.3761529893,5.4206776561],"error":0.9227304004,"datetime":"28\/10\/2023 12:57:05"}
{"x":[49.2108429269,13.7328789833,4.9739779576],"error":0.9222298476,"datetime":"28\/10\/2023 12:57:05"}
{"x":[45.5905988664,14.4359406047,5.1684752312],"error":0.9220293938,"datetime":"28\/10\/2023 12:57:05"}
{"x":[43.6725396986,15.1676327968,4.8255074119],"error":0.92130911,"datetime":"28\/10\/2023 12:57:06"}
{"x":[47.7081454009,15.6154341081,4.1495614053],"error":0.9206070986,"datetime":"28\/10\/2023 12:57:06"}
{"x":[47.9424092744,16.5859536662,3.4460890491],"error":0.9188851756,"datetime":"28\/10\/2023 12:57:06"}
{"x":[44.6969951199,16.7458577649,3.0155584969],"error":0.9167864445,"datetime":"28\/10\/2023 12:57:06"}
{"x":[43.2003714443,17.8016595089,2.0824698462],"error":0.9008991348,"datetime":"28\/10\/2023 12:57:06"}
{"x":[40.6660373513,19.3039516647,1.9287329139],"error":0.882275886,"datetime":"28\/10\/2023 12:57:07"}
{"x":[37.8177688261,21.1609758919,0.9136512326],"error":0.5273215215,"datetime":"28\/10\/2023 12:57:07"}
{"x":[42.3011599979,21.8647599146,0.000001],"error":0.2437263365,"datetime":"28\/10\/2023 12:57:07"}
{"x":[41.844033431,24.0971356205,0.000001],"error":0.2436911017,"datetime":"28\/10\/2023 12:57:07"}
{"x":[33.9657065266,25.4538936813,0.000001],"error":0.2436501716,"datetime":"28\/10\/2023 12:57:07"}
{"x":[29.3068056106,28.4098736863,0.000001],"error":0.2436403231,"datetime":"28\/10\/2023 12:57:07"}
{"x":[29.4453671341,31.3103306235,0.000001],"error":0.2436407738,"datetime":"28\/10\/2023 12:57:07"}
{"x":[29.2463686245,34.7172507283,0.000001],"error":0.2436487766,"datetime":"28\/10\/2023 12:57:07"}
{"x":[16.8216608151,38.8611677383,0.000001],"error":0.2438462761,"datetime":"28\/10\/2023 12:57:07"}
{"x":[36.631039136,27.172975645,0.000001],"error":0.2436446016,"datetime":"28\/10\/2023 12:57:07"}
{"x":[34.3424392961,23.2115359083,0.000001],"error":0.2436689422,"datetime":"28\/10\/2023 12:57:07"}
{"x":[30.3080500144,32.3202268075,0.000001],"error":0.2436385404,"datetime":"28\/10\/2023 12:57:07"}
{"x":[22.7424427034,34.1873117665,0.000001],"error":0.2437032889,"datetime":"28\/10\/2023 12:57:07"}
{"x":[33.7375815459,28.6342956703,0.000001],"error":0.2436350171,"datetime":"28\/10\/2023 12:57:08"}
{"x":[32.7895909798,28.2659334859,0.000001],"error":0.2436362607,"datetime":"28\/10\/2023 12:57:08"}
{"x":[35.2500094161,31.0704302895,0.000001],"error":0.2436281663,"datetime":"28\/10\/2023 12:57:08"}
{"x":[37.2310773512,31.9572824906,0.000001],"error":0.2436252718,"datetime":"28\/10\/2023 12:57:08"}
{"x":[38.8641165703,26.9181142904,0.000001],"error":0.243651526,"datetime":"28\/10\/2023 12:57:08"}
{"x":[32.0905638802,31.1947866998,0.000001],"error":0.243632509,"datetime":"28\/10\/2023 12:57:08"}
{"x":[35.9165575384,32.9249764212,0.000001],"error":0.243624505,"datetime":"28\/10\/2023 12:57:08"}
{"x":[36.9588797246,34.477990733,0.000001],"error":0.2436215501,"datetime":"28\/10\/2023 12:57:08"}
{"x":[37.1160990915,36.4524109452,0.000001],"error":0.2436206484,"datetime":"28\/10\/2023 12:57:08"}
{"x":[38.2422716066,39.0584493701,0.000001],"error":0.2436191044,"datetime":"28\/10\/2023 12:57:08"}
{"x":[42.8642552415,39.134361696,0.000001],"error":0.2436104907,"datetime":"28\/10\/2023 12:57:08"}
{"x":[46.4554856952,41.7808866948,0.000001],"error":0.2436050152,"datetime":"28\/10\/2023 12:57:08"}
{"x":[43.8733473331,44.9209353747,0.000001],"error":0.2436097396,"datetime":"28\/10\/2023 12:57:08"}
{"x":[48.755190032,49.3621902267,0.000001],"error":0.2436026835,"datetime":"28\/10\/2023 12:57:09"}
{"x":[52.6872934678,50.0,0.000001],"error":0.2435962113,"datetime":"28\/10\/2023 12:57:09"}
{"x":[57.1018127241,50.0,0.000001],"error":0.2435920918,"datetime":"28\/10\/2023 12:57:09"}
{"x":[63.3883264299,50.0,0.000001],"error":0.2435917179,"datetime":"28\/10\/2023 12:57:09"}
{"x":[64.4807230623,49.5996557552,0.000001],"error":0.2435929815,"datetime":"28\/10\/2023 12:57:09"}
{"x":[73.9154096115,50.0,0.000001],"error":0.2436013178,"datetime":"28\/10\/2023 12:57:09"}
{"x":[68.1945921289,50.0,0.000001],"error":0.2435947917,"datetime":"28\/10\/2023 12:57:09"}
{"x":[78.0218009462,49.7331038368,0.000001],"error":0.2436085576,"datetime":"28\/10\/2023 12:57:09"}
{"x":[57.9653158592,49.9443966327,0.000001],"error":0.2435917357,"datetime":"28\/10\/2023 12:57:09"}
{"x":[55.694984772,49.6960349252,0.000001],"error":0.2435931326,"datetime":"28\/10\/2023 12:57:09"}
{"x":[58.299069638,49.7593609825,0.000001],"error":0.2435917798,"datetime":"28\/10\/2023 12:57:09"}
{"x":[55.2877515558,50.0,0.000001],"error":0.2435933453,"datetime":"28\/10\/2023 12:57:09"}
{"x":[62.5655206651,49.7253210815,0.000001],"error":0.2435919057,"datetime":"28\/10\/2023 12:57:09"}
{"x":[57.202953953,50.0,0.000001],"error":0.2435920386,"datetime":"28\/10\/2023 12:57:09"}
{"x":[61.4483192667,49.7986258552,0.000001],"error":0.2435915294,"datetime":"28\/10\/2023 12:57:09"}
{"x":[63.5689047325,50.0,0.000001],"error":0.2435917863,"datetime":"28\/10\/2023 12:57:10"}
{"x":[59.3969519494,49.8239359186,0.000001],"error":0.2435914772,"datetime":"28\/10\/2023 12:57:10"}
{"x":[64.8570825715,49.8039778832,0.000001],"error":0.2435927803,"datetime":"28\/10\/2023 12:57:10"}
{"x":[59.4011005909,49.9151427265,0.000001],"error":0.2435913784,"datetime":"28\/10\/2023 12:57:10"}
{"x":[56.7759214414,49.6918030002,0.000001],"error":0.2435924594,"datetime":"28\/10\/2023 12:57:10"}
{"x":[62.0107420573,49.9357922917,0.000001],"error":0.2435914263,"datetime":"28\/10\/2023 12:57:10"}
{"x":[59.0908771317,49.9846214361,0.000001],"error":0.2435913645,"datetime":"28\/10\/2023 12:57:10"}
{"x":[58.3050630867,50.0,0.000001],"error":0.2435915676,"datetime":"28\/10\/2023 12:57:10"}
{"x":[60.9381945706,50.0,0.000001],"error":0.2435911981,"datetime":"28\/10\/2023 12:57:10"}
{"x":[61.451942111,50.0,0.000001],"error":0.2435912417,"datetime":"28\/10\/2023 12:57:10"}
{"x":[57.6093728048,49.9973838167,0.000001],"error":0.2435918438,"datetime":"28\/10\/2023 12:57:10"}
{"x":[61.0937901297,49.9486238594,0.000001],"error":0.2435912768,"datetime":"28\/10\/2023 12:57:10"}
{"x":[61.3474739637,50.0,0.000001],"error":0.2435912299,"datetime":"28\/10\/2023 12:57:10"}
{"x":[63.162095311,49.9811278036,0.000001],"error":0.2435916698,"datetime":"28\/10\/2023 12:57:10"}
{"x":[59.9390475857,49.983893596,0.000001],"error":0.2435912369,"datetime":"28\/10\/2023 12:57:11"}
{"x":[60.3893539503,50.0,0.000001],"error":0.2435911918,"datetime":"28\/10\/2023 12:57:11"}
{"x":[60.1545418905,50.0,0.000001],"error":0.2435912021,"datetime":"28\/10\/2023 12:57:11"}
{"x":[61.8443007373,50.0,0.000001],"error":0.2435912989,"datetime":"28\/10\/2023 12:57:11"}
{"x":[60.3359753256,49.9906045976,0.000001],"error":0.2435912048,"datetime":"28\/10\/2023 12:57:11"}
{"x":[59.7615419339,49.9937363984,0.000001],"error":0.243591244,"datetime":"28\/10\/2023 12:57:11"}
{"x":[61.0170714575,49.998695083,0.000001],"error":0.2435912042,