{"raw_weights":{},"x0":[49.1598922689,11.7199761974,6.7607767516],"x_description":["k1","k-1","k2"],"bounds":[[0.000001,100],[0,50],[0.000001,100]],"maxiter":50000,"datetime":"28\/10\/2023 12:57:03"}
