{"x":[69.7736219499,15.6907136111,12.119710765],"error":0.9258559153,"datetime":"28\/10\/2023 12:57:03"}
{"x":[73.2623030474,15.6907136111,12.119710765],"error":0.9259264933,"datetime":"28\/10\/2023 12:57:04"}
{"x":[69.7736219499,16.4752492917,12.119710765],"error":0.9258146608,"datetime":"28\/10\/2023 12:57:04"}
{"x":[69.7736219499,15.6907136111,12.7256963032],"error":0.9259498597,"datetime":"28\/10\/2023 12:57:04"}
{"x":[72.0994093483,16.2137373982,11.5137252267],"error":0.9257732089,"datetime":"28\/10\/2023 12:57:04"}
{"x":[72.8746718144,16.3880786605,11.1097348679],"error":0.9257044238,"datetime":"28\/10\/2023 12:57:04"}
{"x":[68.3523074287,16.6786474311,11.4463935002],"error":0.9256516805,"datetime":"28\/10\/2023 12:57:04"}
{"x":[66.7156422225,17.0079587044,11.221954412],"error":0.925548557,"datetime":"28\/10\/2023 12:57:05"}
{"x":[69.8023353746,17.5568108266,10.8478892649],"error":0.9255150247,"datetime":"28\/10\/2023 12:57:05"}
{"x":[69.8119065162,18.1788432318,10.4239487649],"error":0.9253826838,"datetime":"28\/10\/2023 12:57:05"}
{"x":[69.8278584188,17.9080044394,9.7173812649],"error":0.9252222446,"datetime":"28\/10\/2023 12:57:05"}
{"x":[69.8459372417,18.3855894887,8.9166047649],"error":0.9249531247,"datetime":"28\/10\/2023 12:57:05"}
{"x":[64.7076521725,19.3268489561,9.2652704267],"error":0.9248387926,"datetime":"28\/10\/2023 12:57:05"}
{"x":[61.9853122919,20.3064390546,8.6504489463],"error":0.9244483022,"datetime":"28\/10\/2023 12:57:05"}
{"x":[67.7131284774,20.9059558123,7.4387139054],"error":0.9240828231,"datetime":"28\/10\/2023 12:57:06"}
{"x":[68.0456238956,22.2052881816,6.1776337365],"error":0.9231922161,"datetime":"28\/10\/2023 12:57:06"}
{"x":[63.4393424367,22.4193679181,5.4058428669],"error":0.9222534698,"datetime":"28\/10\/2023 12:57:06"}
{"x":[61.3151544102,23.8328761469,3.7331409008],"error":0.9192654919,"datetime":"28\/10\/2023 12:57:06"}
{"x":[57.7181231568,25.8441461,3.4575442908],"error":0.9175387332,"datetime":"28\/10\/2023 12:57:06"}
{"x":[53.6755184618,28.3303316371,1.6378574662],"error":0.8342941454,"datetime":"28\/10\/2023 12:57:07"}
{"x":[60.0388855532,29.2725582558,0.000001],"error":0.2437083727,"datetime":"28\/10\/2023 12:57:07"}
{"x":[59.3900766403,32.2612646563,0.000001],"error":0.243672381,"datetime":"28\/10\/2023 12:57:07"}
{"x":[48.2082091125,34.0776934453,0.000001],"error":0.2436271516,"datetime":"28\/10\/2023 12:57:07"}
{"x":[41.5957375182,38.0351618666,0.000001],"error":0.2436127341,"datetime":"28\/10\/2023 12:57:07"}
{"x":[41.79240067,41.9182959597,0.000001],"error":0.2436122697,"datetime":"28\/10\/2023 12:57:07"}
{"x":[35.2848160899,47.9467692307,0.000001],"error":0.2436558371,"datetime":"28\/10\/2023 12:57:07"}
{"x":[41.5099580904,46.4794833512,0.000001],"error":0.243619283,"datetime":"28\/10\/2023 12:57:07"}
{"x":[23.8753208788,50.0,0.000001],"error":0.2437927633,"datetime":"28\/10\/2023 12:57:07"}
{"x":[51.9911691899,36.3792017686,0.000001],"error":0.2436223104,"datetime":"28\/10\/2023 12:57:07"}
{"x":[31.2742283291,47.9094256831,0.000001],"error":0.243687804,"datetime":"28\/10\/2023 12:57:07"}
{"x":[47.6751398439,38.7813317508,0.000001],"error":0.2436092097,"datetime":"28\/10\/2023 12:57:07"}
{"x":[45.8655605976,32.6770430335,0.000001],"error":0.2436302842,"datetime":"28\/10\/2023 12:57:07"}
{"x":[42.4173752794,43.6039749517,0.000001],"error":0.2436121264,"datetime":"28\/10\/2023 12:57:07"}
{"x":[46.3275396774,44.8339065749,0.000001],"error":0.2436045703,"datetime":"28\/10\/2023 12:57:08"}
{"x":[47.9048070638,47.100154811,0.000001],"error":0.2436027255,"datetime":"28\/10\/2023 12:57:08"}
{"x":[50.2058141215,44.4053450493,0.000001],"error":0.2436001223,"datetime":"28\/10\/2023 12:57:08"}
{"x":[53.010285272,45.2343614125,0.000001],"error":0.2435979865,"datetime":"28\/10\/2023 12:57:08"}
{"x":[56.6427795071,43.8065903645,0.000001],"error":0.243601253,"datetime":"28\/10\/2023 12:57:08"}
{"x":[57.3634413846,50.0,0.000001],"error":0.2435919577,"datetime":"28\/10\/2023 12:57:08"}
{"x":[60.5928752316,50.0,0.000001],"error":0.2435911892,"datetime":"28\/10\/2023 12:57:08"}
{"x":[65.5924862766,45.5938130403,0.000001],"error":0.2436050773,"datetime":"28\/10\/2023 12:57:08"}
{"x":[51.5897402331,46.7863336088,0.000001],"error":0.2435976535,"datetime":"28\/10\/2023 12:57:08"}
{"x":[53.4858209841,50.0,0.000001],"error":0.2435951888,"datetime":"28\/10\/2023 12:57:08"}
{"x":[57.4353390272,50.0,0.000001],"error":0.2435919228,"datetime":"28\/10\/2023 12:57:08"}
{"x":[62.7529499287,50.0,0.000001],"error":0.2435915089,"datetime":"28\/10\/2023 12:57:08"}
{"x":[67.0349551409,50.0,0.000001],"error":0.2435938253,"datetime":"28\/10\/2023 12:57:08"}
{"x":[64.2122188582,50.0,0.000001],"error":0.2435920621,"datetime":"28\/10\/2023 12:57:09"}
{"x":[56.3085572667,50.0,0.000001],"error":0.2435925691,"datetime":"28\/10\/2023 12:57:09"}
{"x":[62.5656226933,50.0,0.000001],"error":0.2435914569,"datetime":"28\/10\/2023 12:57:09"}
{"x":[66.5056262086,50.0,0.000001],"error":0.2435934293,"datetime":"28\/10\/2023 12:57:09"}
{"x":[59.32498219,50.0,0.000001],"error":0.2435913025,"datetime":"28\/10\/2023 12:57:09"}
{"x":[58.9027034812,50.0,0.000001],"error":0.2435913929,"datetime":"28\/10\/2023 12:57:09"}
{"x":[56.6480845751,50.0,0.000001],"error":0.2435923517,"datetime":"28\/10\/2023 12:57:09"}
{"x":[61.332802252,50.0,0.000001],"error":0.2435912284,"datetime":"28\/10\/2023 12:57:09"}
{"x":[61.9310696345,50.0,0.000001],"error":0.2435913143,"datetime":"28\/10\/2023 12:57:09"}
{"x":[61.3001600192,50.0,0.000001],"error":0.243591225,"datetime":"28\/10\/2023 12:57:09"}
{"x":[62.8255761453,50.0,0.000001],"error":0.2435915303,"datetime":"28\/10\/2023 12:57:09"}
{"x":[60.0542725973,50.0,0.000001],"error":0.2435912089,"datetime":"28\/10\/2023 12:57:09"}
{"x":[59.96540298,50.0,0.000001],"error":0.2435912161,"datetime":"28\/10\/2023 12:57:09"}
{"x":[59.1082071867,50.0,0.000001],"error":0.2435913455,"datetime":"28\/10\/2023 12:57:09"}
{"x":[60.8435031791,50.0,0.000001],"error":0.243591194,"datetime":"28\/10\/2023 12:57:10"}
{"x":[61.0283643586,50.0,0.000001],"error":0.2435912031,"datetime":"28\/10\/2023 12:57:10"}
{"x":[61.5888892489,50.0,0.000001],"error":0.2435912593,"datetime":"28\/10\/2023 12:57:10"}
{"x":[60.3739843997,50.0,0.000001],"error":0.2435911922,"datetime":"28\/10\/2023 12:57:10"}
{"x":[60.1785441816,50.0,0.000001],"error":0.2435912007,"datetime":"28\/10\/2023 12:57:10"}
{"x":[60.3555900518,50.0,0.000001],"error":0.2435911928,"datetime":"28\/10\/2023 12:57:10"}
{"x":[60.038129943,50.0,0.000001],"error":0.2435912101,"datetime":"28\/10\/2023 12:57:10"}
{"x":[60.6757170883,50.0,0.000001],"error":0.2435911898,"datetime":"28\/10\/2023 12:57:10"}
{"x":[60.7394610945,50.0,0.000001],"error":0.2435911909,"datetime":"28\/10\/2023 12:57:10"}
{"x":[60.9647178765,50.0,0.000001],"error":0.2435911994,"datetime":"28\/10\/2023 12:57:10"}
{"x":[60.4970538741,50.0,0.000001],"error":0.2435911897,"datetime":"28\/10\/2023 12:57:10"}
{"x":[60.4376363681,50.0,0.000001],"error":0.2435911906,"datetime":"28\/10\/2023 12:57:10"}
{"x":[60.5005165194,50.0,0.000001],"error":0.2435911896,"datetime":"28\/10\/2023 12:57:10"}
{"x":[60.3845799951,50.0,0.000001],"error":0.2435911919,"datetime":"28\/10\/2023 12:57:10"}
{"x":[60.6150635272,50.0,0.000001],"error":0.2435911893,"datetime":"28\/10\/2023 12:57:11"}
{"x":[60.6419163114,50.0,0.000001],"error":0.2435911894,"datetime":"28\/10\/2023 12:57:11"}
{"x":[60.732720194,50.0,0.000001],"error":0.2435911908,"datetime":"28\/10\/2023 12:57:11"}
{"x":[60.5488922849,50.0,0.000001],"error":0.2435911893,"datetime":"28\/10\/2023 12:57:11"}
{"x":[60.5293043844,50.0,0.000001],"error":0.2435911894,"datetime":"28\/10\/2023 12:57:11"}
{"x":[60.5527652025,50.0,0.000001],"error":0.2435911892,"datetime":"28\/10\/2023 12:57:11"}
{"x":[60.5146249522,50.0,0.000001],"error":0.2435911895,"datetime":"28\/10\/2023 12:57:11"}
{"x":[60.5941388241,50.0,0.000001],"error":0.2435911892,"datetime":"28\/10\/2023 12:57:11"}
{"x":[60.6109605538,50.0,0.000001],