{"raw_weights":{},"x0":[69.7736219499,15.6907136111,12.119710765],"x_description":["k1","k-1","k2"],"bounds":[[0.000001,100],[0,50],[0.000001,100]],"maxiter":50000,"datetime":"28\/10\/2023 12:57:03"}
