{"x":[44.3642242526,28.4245595962,90.810377588],"error":0.9270070022,"datetime":"28\/10\/2023 12:57:08"}
{"x":[46.5824354653,28.4245595962,90.810377588],"error":0.9270643578,"datetime":"28\/10\/2023 12:57:08"}
{"x":[44.3642242526,29.845787576,90.810377588],"error":0.9269925837,"datetime":"28\/10\/2023 12:57:08"}
{"x":[44.3642242526,28.4245595962,95.3508964674],"error":0.9270281036,"datetime":"28\/10\/2023 12:57:08"}
{"x":[42.14601304,29.3720449161,93.8373901742],"error":0.9269483859,"datetime":"28\/10\/2023 12:57:08"}
{"x":[40.6672055649,29.6878733561,94.8463943697],"error":0.9269035609,"datetime":"28\/10\/2023 12:57:08"}
{"x":[41.8995451275,30.2142540893,88.960536563],"error":0.9269064088,"datetime":"28\/10\/2023 12:57:09"}
{"x":[40.2564257107,31.4073837514,92.2678280925],"error":0.9268577641,"datetime":"28\/10\/2023 12:57:09"}
{"x":[38.8871595301,32.4016584698,92.7536449273],"error":0.9268007448,"datetime":"28\/10\/2023 12:57:09"}
{"x":[36.605049229,31.6900697007,93.563339652],"error":0.9267246004,"datetime":"28\/10\/2023 12:57:09"}
{"x":[34.0186575545,32.304830409,94.4809936734],"error":0.9266066376,"datetime":"28\/10\/2023 12:57:09"}
{"x":[33.8158033055,32.7153207339,99.0934854172],"error":0.9266186459,"datetime":"28\/10\/2023 12:57:09"}
{"x":[30.4805413618,35.259999719,96.0390216423],"error":0.9263831685,"datetime":"28\/10\/2023 12:57:09"}
{"x":[27.0849866274,37.1173751733,96.4365640665],"error":0.9261196,"datetime":"28\/10\/2023 12:57:09"}
{"x":[24.3924721282,35.690025741,100.0],"error":0.9259352256,"datetime":"28\/10\/2023 12:57:10"}
{"x":[19.5609096609,36.7861481648,100.0],"error":0.9253274361,"datetime":"28\/10\/2023 12:57:10"}
{"x":[19.960565923,38.0902484308,94.851553076],"error":0.925306468,"datetime":"28\/10\/2023 12:57:10"}
{"x":[15.3421534622,39.8818909965,93.437575629],"error":0.9243292668,"datetime":"28\/10\/2023 12:57:10"}
{"x":[7.3067089459,43.5521124807,98.7684327902],"error":0.9197674368,"datetime":"28\/10\/2023 12:57:10"}
{"x":[0.000001,47.3012065047,100.0],"error":0.2448403668,"datetime":"28\/10\/2023 12:57:10"}
{"x":[0.000001,45.5287886039,99.1884863529],"error":0.2448407581,"datetime":"28\/10\/2023 12:57:10"}
{"x":[0.000001,50.0,95.0840413212],"error":0.2448409953,"datetime":"28\/10\/2023 12:57:10"}
{"x":[0.000001,50.0,100.0],"error":0.2448400171,"datetime":"28\/10\/2023 12:57:10"}
{"x":[0.000001,50.0,100.0],"error":0.2448400171,"datetime":"28\/10\/2023 12:57:10"}
{"x":[0.000001,45.2199967391,100.0],"error":0.2448406357,"datetime":"28\/10\/2023 12:57:10"}
{"x":[0.000001,49.4853468919,100.0],"error":0.2448400838,"datetime":"28\/10\/2023 12:57:10"}
{"x":[0.000001,50.0,100.0],"error":0.2448400171,"datetime":"28\/10\/2023 12:57:10"}
{"x":[0.000001,50.0,100.0],"error":0.2448400171,"datetime":"28\/10\/2023 12:57:10"}
{"x":[0.000001,50.0,100.0],"error":0.2448400171,"datetime":"28\/10\/2023 12:57:10"}
{"x":[0.000001,50.0,100.0],"error":0.2448400171,"datetime":"28\/10\/2023 12:57:10"}
