{"raw_weights":{},"x0":[44.3642242526,28.4245595962,90.810377588],"x_description":["k1","k-1","k2"],"bounds":[[0.000001,100],[0,50],[0.000001,100]],"maxiter":50000,"datetime":"28\/10\/2023 12:57:07"}
