{"x":[77.3956050816,21.9439219876,85.8597921325],"error":0.9275277254,"datetime":"28\/10\/2023 12:57:13"}
{"x":[81.2653853357,21.9439219876,85.8597921325],"error":0.9275566784,"datetime":"28\/10\/2023 12:57:13"}
{"x":[77.3956050816,23.041118087,85.8597921325],"error":0.927521436,"datetime":"28\/10\/2023 12:57:13"}
{"x":[77.3956050816,21.9439219876,90.1527817392],"error":0.9275401796,"datetime":"28\/10\/2023 12:57:13"}
{"x":[73.5258248276,22.6753860539,88.7217852036],"error":0.9274999127,"datetime":"28\/10\/2023 12:57:13"}
{"x":[70.9459713248,22.9192074093,89.675782894],"error":0.9274777419,"datetime":"28\/10\/2023 12:57:14"}
{"x":[73.0958492438,23.325576335,84.1107963669],"error":0.9274772217,"datetime":"28\/10\/2023 12:57:14"}
{"x":[71.6625972978,23.7861277841,82.0968012428],"error":0.927453555,"datetime":"28\/10\/2023 12:57:14"}
{"x":[69.2738440546,24.5537135326,85.8951253803],"error":0.9274384542,"datetime":"28\/10\/2023 12:57:14"}
{"x":[66.5665903789,25.4236440476,85.9069031296],"error":0.927403346,"datetime":"28\/10\/2023 12:57:14"}
{"x":[62.0545009194,25.0448680737,85.9265327117],"error":0.9273509354,"datetime":"28\/10\/2023 12:57:14"}
{"x":[56.9407995319,25.7127847359,85.9487795714],"error":0.9272717981,"datetime":"28\/10\/2023 12:57:14"}
{"x":[59.1673534809,27.0291636358,79.6258730685],"error":0.9272665287,"datetime":"28\/10\/2023 12:57:15"}
{"x":[55.2411475329,28.3991490447,76.2759031267],"error":0.9271706782,"datetime":"28\/10\/2023 12:57:15"}
{"x":[47.5030943313,29.2375907681,83.3242559757],"error":0.9270402454,"datetime":"28\/10\/2023 12:57:15"}
{"x":[39.4499266758,31.0547450961,83.7334075534],"error":0.9267816475,"datetime":"28\/10\/2023 12:57:15"}
{"x":[34.5213254483,31.3541418701,78.0651570381],"error":0.9265250265,"datetime":"28\/10\/2023 12:57:15"}
{"x":[23.8395704714,33.3309744776,75.4512416742],"error":0.9256782017,"datetime":"28\/10\/2023 12:57:15"}
{"x":[22.0796302549,36.143794343,71.0249219981],"error":0.9253302089,"datetime":"28\/10\/2023 12:57:16"}
{"x":[10.4592404958,39.6207975454,66.050302807],"error":0.9216716746,"datetime":"28\/10\/2023 12:57:16"}
{"x":[0.000001,40.9385290347,73.880731563],"error":0.2448466109,"datetime":"28\/10\/2023 12:57:16"}
{"x":[0.000001,45.1183223647,73.0823410418],"error":0.2448462066,"datetime":"28\/10\/2023 12:57:16"}
{"x":[0.000001,47.6586511624,59.3225161287],"error":0.2448486628,"datetime":"28\/10\/2023 12:57:16"}
{"x":[0.000001,50.0,56.8521983108],"error":0.244848823,"datetime":"28\/10\/2023 12:57:16"}
{"x":[0.000001,50.0,60.1210675138],"error":0.2448481747,"datetime":"28\/10\/2023 12:57:16"}
{"x":[0.000001,45.1846490181,71.4984181454],"error":0.2448465266,"datetime":"28\/10\/2023 12:57:16"}
{"x":[0.000001,45.8766630928,77.1453683387],"error":0.2448452553,"datetime":"28\/10\/2023 12:57:16"}
{"x":[0.000001,45.2826670696,83.0863190753],"error":0.2448440961,"datetime":"28\/10\/2023 12:57:16"}
{"x":[0.000001,40.3904256349,91.6569846612],"error":0.244842967,"datetime":"28\/10\/2023 12:57:16"}
{"x":[0.000001,37.1872341798,100.0],"error":0.2448416652,"datetime":"28\/10\/2023 12:57:16"}
{"x":[0.000001,39.8741667247,99.2806885993],"error":0.2448414686,"datetime":"28\/10\/2023 12:57:16"}
{"x":[0.000001,38.1040059602,100.0],"error":0.2448415486,"datetime":"28\/10\/2023 12:57:16"}
{"x":[0.000001,36.444389618,100.0],"error":0.2448417595,"datetime":"28\/10\/2023 12:57:16"}
{"x":[0.000001,30.3878599455,100.0],"error":0.2448425216,"datetime":"28\/10\/2023 12:57:16"}
{"x":[0.000001,33.490944763,100.0],"error":0.2448421327,"datetime":"28\/10\/2023 12:57:16"}
{"x":[0.000001,42.179582252,99.5204590662],"error":0.2448411239,"datetime":"28\/10\/2023 12:57:16"}
{"x":[0.000001,45.0757947484,99.3606120883],"error":0.2448407823,"datetime":"28\/10\/2023 12:57:16"}
{"x":[0.000001,44.9804074839,99.0942004584],"error":0.2448408481,"datetime":"28\/10\/2023 12:57:16"}
{"x":[0.000001,49.4330117915,98.4903340974],"error":0.2448403893,"datetime":"28\/10\/2023 12:57:16"}
{"x":[0.000001,50.0,97.9871121298],"error":0.2448404152,"datetime":"28\/10\/2023 12:57:16"}
{"x":[0.000001,50.0,98.6827424967],"error":0.2448402772,"datetime":"28\/10\/2023 12:57:16"}
{"x":[0.000001,50.0,98.4834271292],"error":0.2448403167,"datetime":"28\/10\/2023 12:57:16"}
{"x":[0.000001,50.0,98.5949253298],"error":0.2448402946,"datetime":"28\/10\/2023 12:57:16"}
{"x":[0.000001,50.0,97.818055861],"error":0.2448404488,"datetime":"28\/10\/2023 12:57:16"}
{"x":[0.000001,50.0,98.1394217417],"error":0.244840385,"datetime":"28\/10\/2023 12:57:16"}
{"x":[0.000001,50.0,98.4543922814],"error":0.2448403225,"datetime":"28\/10\/2023 12:57:16"}
{"x":[0.000001,50.0,99.015284997],"error":0.2448402114,"datetime":"28\/10\/2023 12:57:16"}
{"x":[0.000001,50.0,99.3072394154],"error":0.2448401537,"datetime":"28\/10\/2023 12:57:16"}
{"x":[0.000001,50.0,99.2688792132],"error":0.2448401612,"datetime":"28\/10\/2023 12:57:16"}
{"x":[0.000001,50.0,99.5776487537],"error":0.2448401003,"datetime":"28\/10\/2023 12:57:16"}
{"x":[0.000001,50.0,99.9052232284],"error":0.2448400357,"datetime":"28\/10\/2023 12:57:16"}
{"x":[0.000001,50.0,100.0],"error":0.2448400171,"datetime":"28\/10\/2023 12:57:16"}
{"x":[0.000001,50.0,100.0],"error":0.2448400171,"datetime":"28\/10\/2023 12:57:16"}
{"x":[0.000001,50.0,100.0],"error":0.2448400171,"datetime":"28\/10\/2023 12:57:16"}
{"x":[0.000001,50.0,100.0],"error":0.2448400171,"datetime":"28\/10\/2023 12:57:16"}
{"x":[0.000001,50.0,100.0],"error":0.2448400171,"datetime":"28\/10\/2023 12:57:16"}
{"x":[0.000001,50.0,100.0],"error":0.2448400171,"datetime":"28\/10\/2023 12:57:16"}
