{"raw_weights":{},"x0":[77.3956050816,21.9439219876,85.8597921325],"x_description":["k1","k-1","k2"],"bounds":[[0.000001,100],[0,50],[0.000001,100]],"maxiter":50000,"datetime":"28\/10\/2023 12:57:13"}
