{"x":[39.9305775225,35.8707339644,28.0823335228],"error":0.925481643,"datetime":"28\/10\/2023 12:56:57"}
{"x":[41.9271063986,35.8707339644,28.0823335228],"error":0.9255984616,"datetime":"28\/10\/2023 12:56:57"}
{"x":[39.9305775225,37.6642706626,28.0823335228],"error":0.9254131072,"datetime":"28\/10\/2023 12:56:57"}
{"x":[39.9305775225,35.8707339644,29.4864501989],"error":0.9255727333,"datetime":"28\/10\/2023 12:56:57"}
{"x":[37.9340486463,37.0664250966,29.0184113069],"error":0.9253700928,"datetime":"28\/10\/2023 12:56:58"}
{"x":[36.6030293956,37.4649888073,29.3304372349],"error":0.9252818275,"datetime":"28\/10\/2023 12:56:58"}
{"x":[37.7122121045,38.1292616585,27.5102859881],"error":0.9252023719,"datetime":"28\/10\/2023 12:56:58"}
{"x":[36.9727569652,38.8821042232,26.8515645844],"error":0.9250621475,"datetime":"28\/10\/2023 12:56:58"}
{"x":[35.7403317331,40.136841831,28.0938900386],"error":0.9250124852,"datetime":"28\/10\/2023 12:56:58"}
{"x":[34.3435831366,41.5588777865,28.0977422106],"error":0.9248305398,"datetime":"28\/10\/2023 12:56:58"}
{"x":[32.0156688092,40.939709882,28.1041624972],"error":0.9246345289,"datetime":"28\/10\/2023 12:56:58"}
{"x":[29.3773659047,42.0315229551,28.111438822],"error":0.9242814138,"datetime":"28\/10\/2023 12:56:59"}
{"x":[30.5261079421,44.1833478359,26.0433931764],"error":0.9240913922,"datetime":"28\/10\/2023 12:56:59"}
{"x":[28.5004674576,46.4228008454,24.9477118236],"error":0.9235458841,"datetime":"28\/10\/2023 12:56:59"}
{"x":[24.5081873674,47.7933635015,27.253030653],"error":0.9230819986,"datetime":"28\/10\/2023 12:56:59"}
{"x":[20.3533308348,50.0,27.3868526758],"error":0.9219403407,"datetime":"28\/10\/2023 12:56:59"}
{"x":[17.8105263282,50.0,25.5329266703],"error":0.9207018569,"datetime":"28\/10\/2023 12:56:59"}
{"x":[12.299507392,50.0,24.6779881569],"error":0.9164272655,"datetime":"28\/10\/2023 12:56:59"}
{"x":[11.3915045516,50.0,23.2302629489],"error":0.9139286494,"datetime":"28\/10\/2023 12:57:00"}
{"x":[5.3962174339,50.0,21.6032043246],"error":0.8202800706,"datetime":"28\/10\/2023 12:57:00"}
{"x":[0.000001,50.0,24.1643182813],"error":0.2448541996,"datetime":"28\/10\/2023 12:57:00"}
{"x":[0.000001,50.0,23.9031871006],"error":0.2448542441,"datetime":"28\/10\/2023 12:57:00"}
{"x":[0.000001,50.0,19.5768211661],"error":0.2448549933,"datetime":"28\/10\/2023 12:57:00"}
{"x":[0.000001,50.0,18.8849076911],"error":0.2448551005,"datetime":"28\/10\/2023 12:57:00"}
{"x":[0.000001,50.0,20.1474937677],"error":0.2448549041,"datetime":"28\/10\/2023 12:57:00"}
{"x":[0.000001,50.0,23.7075144523],"error":0.2448542775,"datetime":"28\/10\/2023 12:57:00"}
{"x":[0.000001,50.0,25.7693965015],"error":0.2448539293,"datetime":"28\/10\/2023 12:57:00"}
{"x":[0.000001,50.0,27.83358828],"error":0.2448535892,"datetime":"28\/10\/2023 12:57:00"}
{"x":[0.000001,50.0,30.3227869081],"error":0.2448531866,"datetime":"28\/10\/2023 12:57:00"}
{"x":[0.000001,50.0,33.7145512882],"error":0.2448526472,"datetime":"28\/10\/2023 12:57:00"}
{"x":[0.000001,50.0,33.434124114],"error":0.2448526915,"datetime":"28\/10\/2023 12:57:00"}
{"x":[0.000001,50.0,39.1571908401],"error":0.2448517932,"datetime":"28\/10\/2023 12:57:00"}
{"x":[0.000001,50.0,44.1548150264],"error":0.2448510148,"datetime":"28\/10\/2023 12:57:00"}
{"x":[0.000001,50.0,46.3687386724],"error":0.2448506703,"datetime":"28\/10\/2023 12:57:00"}
{"x":[0.000001,50.0,52.5471221365],"error":0.244849659,"datetime":"28\/10\/2023 12:57:00"}
{"x":[0.000001,50.0,53.51020152],"error":0.2448494742,"datetime":"28\/10\/2023 12:57:00"}
{"x":[0.000001,50.0,60.202227322],"error":0.2448481585,"datetime":"28\/10\/2023 12:57:00"}
{"x":[0.000001,50.0,70.8882250351],"error":0.2448459781,"datetime":"28\/10\/2023 12:57:00"}
{"x":[0.000001,50.0,83.2794496174],"error":0.2448434068,"datetime":"28\/10\/2023 12:57:00"}
{"x":[0.000001,50.0,86.5310510242],"error":0.244842736,"datetime":"28\/10\/2023 12:57:00"}
{"x":[0.000001,50.0,100.0],"error":0.2448400171,"datetime":"28\/10\/2023 12:57:00"}
{"x":[0.000001,50.0,100.0],"error":0.2448400171,"datetime":"28\/10\/2023 12:57:00"}
{"x":[0.000001,50.0,100.0],"error":0.2448400171,"datetime":"28\/10\/2023 12:57:00"}
{"x":[0.000001,50.0,100.0],"error":0.2448400171,"datetime":"28\/10\/2023 12:57:00"}
{"x":[0.000001,50.0,100.0],"error":0.2448400171,"datetime":"28\/10\/2023 12:57:00"}
