{"raw_weights":{},"x0":[39.9305775225,35.8707339644,28.0823335228],"x_description":["k1","k-1","k2"],"bounds":[[0.000001,100],[0,50],[0.000001,100]],"maxiter":50000,"datetime":"28\/10\/2023 12:56:57"}
