{"x":[12.2565518448,12.9056537386,40.5770733763],"error":0.9234724979,"datetime":"28\/10\/2023 12:57:14"}
{"x":[12.8693794371,12.9056537386,40.5770733763],"error":0.9236932215,"datetime":"28\/10\/2023 12:57:14"}
{"x":[12.2565518448,13.5509364256,40.5770733763],"error":0.923416814,"datetime":"28\/10\/2023 12:57:14"}
{"x":[12.2565518448,12.9056537386,42.6059270452],"error":0.9235449712,"datetime":"28\/10\/2023 12:57:14"}
{"x":[11.6437242526,13.3358421966,41.9296424889],"error":0.923241676,"datetime":"28\/10\/2023 12:57:14"}
{"x":[11.2351725244,13.4792383492,42.3804988597],"error":0.9230683916,"datetime":"28\/10\/2023 12:57:14"}
{"x":[11.5756322979,13.718231937,39.7505033631],"error":0.9230908508,"datetime":"28\/10\/2023 12:57:14"}
{"x":[11.1216859333,14.2599507359,41.2283103565],"error":0.9228982711,"datetime":"28\/10\/2023 12:57:15"}
{"x":[10.7433972961,14.7113830683,41.4453893498],"error":0.9226801485,"datetime":"28\/10\/2023 12:57:15"}
{"x":[10.1129162341,14.3882991441,41.8071876721],"error":0.9223899531,"datetime":"28\/10\/2023 12:57:15"}
{"x":[9.3983710305,14.6674200503,42.2172257707],"error":0.9219414354,"datetime":"28\/10\/2023 12:57:15"}
{"x":[9.3423282695,14.8537957083,44.2782392904],"error":0.9219780725,"datetime":"28\/10\/2023 12:57:15"}
{"x":[8.420891873,16.0091608687,42.9134040809],"error":0.9210892841,"datetime":"28\/10\/2023 12:57:15"}
{"x":[7.4827983225,16.8524683752,43.0910391546],"error":0.9200649969,"datetime":"28\/10\/2023 12:57:15"}
{"x":[6.7389344522,16.2044063542,44.9456134606],"error":0.9193249231,"datetime":"28\/10\/2023 12:57:16"}
{"x":[5.4041135043,16.7020807828,46.1123548309],"error":0.9164798733,"datetime":"28\/10\/2023 12:57:16"}
{"x":[5.5145269687,17.294183764,43.3355072137],"error":0.9163354867,"datetime":"28\/10\/2023 12:57:16"}
{"x":[4.2385932018,18.1076464492,43.0212631882],"error":0.9080830317,"datetime":"28\/10\/2023 12:57:16"}
{"x":[2.0186323219,19.7740436878,45.9325456784],"error":0.7835956005,"datetime":"28\/10\/2023 12:57:16"}
{"x":[0.000001,21.476251567,47.1709856477],"error":0.2448542422,"datetime":"28\/10\/2023 12:57:16"}
{"x":[0.000001,20.6715174908,47.7786966232],"error":0.2448542435,"datetime":"28\/10\/2023 12:57:16"}
{"x":[0.000001,23.4681962218,45.8682754752],"error":0.2448541949,"datetime":"28\/10\/2023 12:57:16"}
{"x":[0.000001,25.7235680348,45.7869156899],"error":0.2448538533,"datetime":"28\/10\/2023 12:57:16"}
{"x":[0.000001,27.1399116125,50.8031354523],"error":0.2448526773,"datetime":"28\/10\/2023 12:57:16"}
{"x":[0.000001,30.150666667,53.3970928737],"error":0.2448518375,"datetime":"28\/10\/2023 12:57:16"}
{"x":[0.000001,30.8954733551,49.7912995176],"error":0.244852382,"datetime":"28\/10\/2023 12:57:16"}
{"x":[0.000001,36.3702204709,52.1458864065],"error":0.2448513255,"datetime":"28\/10\/2023 12:57:16"}
{"x":[0.000001,41.3348767723,53.8041866595],"error":0.2448504941,"datetime":"28\/10\/2023 12:57:16"}
{"x":[0.000001,42.5304431614,58.8748036773],"error":0.2448494524,"datetime":"28\/10\/2023 12:57:16"}
{"x":[0.000001,48.1327348702,63.2374330065],"error":0.2448478107,"datetime":"28\/10\/2023 12:57:16"}
{"x":[0.000001,48.8500455179,63.8345088421],"error":0.2448475884,"datetime":"28\/10\/2023 12:57:16"}
{"x":[0.000001,50.0,68.515578617],"error":0.2448464681,"datetime":"28\/10\/2023 12:57:16"}
{"x":[0.000001,50.0,70.3077059815],"error":0.2448460982,"datetime":"28\/10\/2023 12:57:16"}
{"x":[0.000001,50.0,75.9445770175],"error":0.2448449297,"datetime":"28\/10\/2023 12:57:16"}
{"x":[0.000001,50.0,84.6608724345],"error":0.2448431214,"datetime":"28\/10\/2023 12:57:16"}
{"x":[0.000001,50.0,94.9464343595],"error":0.2448410229,"datetime":"28\/10\/2023 12:57:16"}
{"x":[0.000001,50.0,96.3669603228],"error":0.2448407382,"datetime":"28\/10\/2023 12:57:16"}
{"x":[0.000001,50.0,100.0],"error":0.2448400171,"datetime":"28\/10\/2023 12:57:16"}
{"x":[0.000001,50.0,100.0],"error":0.2448400171,"datetime":"28\/10\/2023 12:57:16"}
{"x":[0.000001,50.0,100.0],"error":0.2448400171,"datetime":"28\/10\/2023 12:57:16"}
{"x":[0.000001,50.0,100.0],"error":0.2448400171,"datetime":"28\/10\/2023 12:57:16"}
{"x":[0.000001,50.0,100.0],"error":0.2448400171,"datetime":"28\/10\/2023 12:57:16"}
