{"raw_weights":{},"x0":[12.2565518448,12.9056537386,40.5770733763],"x_description":["k1","k-1","k2"],"bounds":[[0.000001,100],[0,50],[0.000001,100]],"maxiter":50000,"datetime":"28\/10\/2023 12:57:13"}
