{"x":[36.6346921769,9.9647689688,8.8558382376],"error":0.9242923286,"datetime":"28\/10\/2023 12:57:00"}
{"x":[38.4664267857,9.9647689688,8.8558382376],"error":0.9244164338,"datetime":"28\/10\/2023 12:57:00"}
{"x":[36.6346921769,10.4630074172,8.8558382376],"error":0.9242245484,"datetime":"28\/10\/2023 12:57:01"}
{"x":[36.6346921769,9.9647689688,9.2986301494],"error":0.9244344982,"datetime":"28\/10\/2023 12:57:01"}
{"x":[37.8558485828,10.2969279344,8.4130463257],"error":0.9241755828,"datetime":"28\/10\/2023 12:57:01"}
{"x":[38.2629007181,10.4076475896,8.1178517178],"error":0.9240743291,"datetime":"28\/10\/2023 12:57:01"}
{"x":[35.8884299288,10.5921803483,8.3638472244],"error":0.9239685625,"datetime":"28\/10\/2023 12:57:01"}
{"x":[35.0290976432,10.8013174748,8.19985022],"error":0.9238004938,"datetime":"28\/10\/2023 12:57:01"}
{"x":[36.6497681819,11.1498793523,7.9265218793],"error":0.923763111,"datetime":"28\/10\/2023 12:57:02"}
{"x":[36.6547935169,11.5449161468,7.6167497599],"error":0.9235578991,"datetime":"28\/10\/2023 12:57:02"}
{"x":[36.6631690752,11.3729133902,7.1004628942],"error":0.9233171618,"datetime":"28\/10\/2023 12:57:02"}
{"x":[36.6726613747,11.6762153813,6.5153377797],"error":0.9229058315,"datetime":"28\/10\/2023 12:57:02"}
{"x":[33.9748009718,12.273985079,6.7701067886],"error":0.9226909845,"datetime":"28\/10\/2023 12:57:02"}
{"x":[32.5454343897,12.8960975754,6.3208584789],"error":0.9220674492,"datetime":"28\/10\/2023 12:57:02"}
{"x":[35.5528285443,13.2768352609,5.4354471257],"error":0.9215464941,"datetime":"28\/10\/2023 12:57:03"}
{"x":[35.7274055113,14.1020078562,4.5139794276],"error":0.9201682451,"datetime":"28\/10\/2023 12:57:03"}
{"x":[33.3088740002,14.2379643952,3.9500340309],"error":0.9186096601,"datetime":"28\/10\/2023 12:57:03"}
{"x":[32.1935674947,15.1356471446,2.7277954546],"error":0.9105932581,"datetime":"28\/10\/2023 12:57:03"}
{"x":[30.3049435558,16.4129530029,2.5264177943],"error":0.901294821,"datetime":"28\/10\/2023 12:57:03"}
{"x":[28.1823709495,17.9918655435,1.1967777992],"error":0.6376830634,"datetime":"28\/10\/2023 12:57:03"}
{"x":[31.5234615807,18.5902494541,0.000001],"error":0.2437129288,"datetime":"28\/10\/2023 12:57:04"}
{"x":[31.1828039777,20.4883000804,0.000001],"error":0.2436850462,"datetime":"28\/10\/2023 12:57:04"}
{"x":[25.3117561032,21.6418673227,0.000001],"error":0.243659982,"datetime":"28\/10\/2023 12:57:04"}
{"x":[21.8398729672,24.1551538115,0.000001],"error":0.2436668648,"datetime":"28\/10\/2023 12:57:04"}
{"x":[24.2577198589,24.9457081531,0.000001],"error":0.2436561909,"datetime":"28\/10\/2023 12:57:04"}
{"x":[21.6124373136,28.2157284892,0.000001],"error":0.2436829727,"datetime":"28\/10\/2023 12:57:04"}
{"x":[25.6524823437,26.7253848273,0.000001],"error":0.2436517087,"datetime":"28\/10\/2023 12:57:04"}
{"x":[24.8091861418,29.6365579219,0.000001],"error":0.2436621141,"datetime":"28\/10\/2023 12:57:04"}
{"x":[18.9651682262,28.3870067884,0.000001],"error":0.2437153384,"datetime":"28\/10\/2023 12:57:04"}
{"x":[28.6374631961,22.1338639779,0.000001],"error":0.2436612617,"datetime":"28\/10\/2023 12:57:04"}
{"x":[21.5105090078,26.7414428909,0.000001],"error":0.2436773635,"datetime":"28\/10\/2023 12:57:04"}
{"x":[27.1526810735,23.0937762514,0.000001],"error":0.2436544408,"datetime":"28\/10\/2023 12:57:04"}
{"x":[26.0634994142,28.2013788318,0.000001],"error":0.2436514985,"datetime":"28\/10\/2023 12:57:04"}
{"x":[26.3140805178,30.3878826682,0.000001],"error":0.2436545487,"datetime":"28\/10\/2023 12:57:04"}
{"x":[28.3213886954,27.0679851206,0.000001],"error":0.2436436178,"datetime":"28\/10\/2023 12:57:04"}
{"x":[29.6759449742,27.7754107764,0.000001],"error":0.2436402144,"datetime":"28\/10\/2023 12:57:05"}
{"x":[27.1086034145,32.0410067056,0.000001],"error":0.2436541655,"datetime":"28\/10\/2023 12:57:05"}
{"x":[27.1177862602,30.177000361,0.000001],"error":0.2436496222,"datetime":"28\/10\/2023 12:57:05"}
{"x":[29.585671422,30.7104751522,0.000001],"error":0.2436396736,"datetime":"28\/10\/2023 12:57:05"}
{"x":[30.8967344481,32.0388385938,0.000001],"error":0.2436360802,"datetime":"28\/10\/2023 12:57:05"}
{"x":[32.3968110408,31.7927876557,0.000001],"error":0.2436316308,"datetime":"28\/10\/2023 12:57:05"}
{"x":[34.5079149164,32.9899239303,0.000001],"error":0.2436266634,"datetime":"28\/10\/2023 12:57:05"}
{"x":[36.2692766323,31.6924485061,0.000001],"error":0.2436262543,"datetime":"28\/10\/2023 12:57:05"}
{"x":[39.319773423,32.1975978877,0.000001],"error":0.2436247137,"datetime":"28\/10\/2023 12:57:05"}
{"x":[40.1403368841,37.0421628315,0.000001],"error":0.2436152373,"datetime":"28\/10\/2023 12:57:05"}
{"x":[43.6284675208,40.1310801832,0.000001],"error":0.2436089833,"datetime":"28\/10\/2023 12:57:05"}
{"x":[47.4073694586,38.1735627403,0.000001],"error":0.2436106189,"datetime":"28\/10\/2023 12:57:05"}
{"x":[52.3958253519,40.6782366105,0.000001],"error":0.243606627,"datetime":"28\/10\/2023 12:57:05"}
{"x":[58.3584621638,43.2410075039,0.000001],"error":0.2436042171,"datetime":"28\/10\/2023 12:57:05"}
{"x":[60.2764260058,48.8328357305,0.000001],"error":0.2435927812,"datetime":"28\/10\/2023 12:57:06"}
{"x":[67.2619768667,50.0,0.000001],"error":0.243594004,"datetime":"28\/10\/2023 12:57:06"}
{"x":[60.7682010016,49.9630528714,0.000001],"error":0.2435912393,"datetime":"28\/10\/2023 12:57:06"}
{"x":[65.2218115159,50.0,0.000001],"error":0.243592592,"datetime":"28\/10\/2023 12:57:06"}
{"x":[75.9735919267,50.0,0.000001],"error":0.2436042825,"datetime":"28\/10\/2023 12:57:06"}
{"x":[69.2350243421,50.0,0.000001],"error":0.243595769,"datetime":"28\/10\/2023 12:57:06"}
{"x":[68.4946387358,50.0,0.000001],"error":0.2435950631,"datetime":"28\/10\/2023 12:57:06"}
{"x":[57.1244861534,49.197259068,0.000001],"error":0.243592665,"datetime":"28\/10\/2023 12:57:06"}
{"x":[50.284770038,48.6620984466,0.000001],"error":0.2435993531,"datetime":"28\/10\/2023 12:57:06"}
{"x":[64.7009160904,49.7212705097,0.000001],"error":0.2435928593,"datetime":"28\/10\/2023 12:57:06"}
{"x":[54.0784926834,48.9408279369,0.000001],"error":0.2435946965,"datetime":"28\/10\/2023 12:57:06"}
{"x":[62.487911214,49.558678307,0.000001],"error":0.2435921621,"datetime":"28\/10\/2023 12:57:06"}
{"x":[59.9773062402,50.0,0.000001],"error":0.2435912151,"datetime":"28\/10\/2023 12:57:06"}
{"x":[59.8775996516,50.0,0.000001],"error":0.2435912244,"datetime":"28\/10\/2023 12:57:07"}
{"x":[65.0311261505,50.0,0.000001],"error":0.243592483,"datetime":"28\/10\/2023 12:57:07"}
{"x":[63.3839094844,50.0,0.000001],"error":0.2435917163,"datetime":"28\/10\/2023 12:57:07"}
{"x":[60.2650332701,50.0,0.000001],"error":0.2435911963,"datetime":"28\/10\/2023 12:57:07"}
{"x":[59.5240739555,50.0,0.000001],"error":0.2435912692,"datetime":"28\/10\/2023 12:57:07"}
{"x":[57.2897841902,49.9753685809,0.000001],"error":0.2435920105,"datetime":"28\/10\/2023 12:57:07"}
{"x":[62.1143000481,49.9948684544,0.000001],"error":0.243591358,"datetime":"28\/10\/2023 12:57:07"}
{"x":[58.5593936265,49.9805001266,0.000001],"error":0.2435915039,"datetime":"28\/10\/2023 12:57:07"}
{"x":[61.3736945436,49.9918750527,0.000001],"error":0.243591244,"datetime":"28\/10\/2023 12:57:07"}
{"x":[59.299999131,49.9834935282,0.000001],"error":0.243591324,"datetime":"28\/10\/2023 12:57:07"}
{"x":[60.941674666,49.9901289018,0.000001],"error":0.2435912113,"datetime":"28\/10\/2023 12:57:07"}
{"x":[60.0211417826,50.0,0.000001],"error":0.2435912115,"datetime":"28\/10\/2023 12:57:07"}
{"x":[60.841260239,49.9934192679,0.000001],"error":0.2435912025,"datetime":"28\/10\/2023 12:57:07"}
{"x":[61.3441703341,49.9890321131,0.000001],"error":0.2435912447,"datetime":"28\/10\/2023 12:57:07"}
{"x":[60.2967727308,49.9977150236,0.000001],"error":0.2435911977,"datetime":"28\/10\/2023 12:57:08"}
{"x":[59.9937028273,50.0,0.000001],"error":0.2435912137,"datetime":"28\/10\/2023 12:57:08"}
{"x":[60.7441805329,49.993010511,0.000001],"error":0.2435912,"datetime":"28\/10\/2023 12:57:08"}
{"x":[60.0293974503,50.0,0.000001],"error":0.2435912108,