{"raw_weights":{},"x0":[36.6346921769,9.9647689688,8.8558382376],"x_description":["k1","k-1","k2"],"bounds":[[0.000001,100],[0,50],[0.000001,100]],"maxiter":50000,"datetime":"28\/10\/2023 12:57:00"}
