{"x":[33.7949565504,22.9247778052,93.50068515],"error":0.9267131425,"datetime":"28\/10\/2023 12:57:10"}
{"x":[35.4847043779,22.9247778052,93.50068515],"error":0.9267858362,"datetime":"28\/10\/2023 12:57:10"}
{"x":[33.7949565504,24.0710166954,93.50068515],"error":0.9266980835,"datetime":"28\/10\/2023 12:57:10"}
{"x":[33.7949565504,22.9247778052,98.1757194075],"error":0.926734997,"datetime":"28\/10\/2023 12:57:10"}
{"x":[32.1052087229,23.6889370653,96.617374655],"error":0.9266376729,"datetime":"28\/10\/2023 12:57:11"}
{"x":[30.9787101712,23.9436568187,97.6562711566],"error":0.9265805631,"datetime":"28\/10\/2023 12:57:11"}
{"x":[31.9174589643,24.368189741,91.5960415636],"error":0.9265924578,"datetime":"28\/10\/2023 12:57:11"}
{"x":[30.6657939069,25.330464365,95.0013134302],"error":0.9265299427,"datetime":"28\/10\/2023 12:57:11"}
{"x":[29.6227396923,26.1323598849,95.5015228569],"error":0.9264600551,"datetime":"28\/10\/2023 12:57:11"}
{"x":[27.8843160015,25.5584542677,96.3352052348],"error":0.9263615356,"datetime":"28\/10\/2023 12:57:11"}
{"x":[25.9141024852,26.0542667918,97.280045263],"error":0.9262138662,"datetime":"28\/10\/2023 12:57:11"}
{"x":[25.7595759349,26.3853325892,100.0],"error":0.9262123289,"datetime":"28\/10\/2023 12:57:12"}
{"x":[23.7069482584,27.0577135386,100.0],"error":0.9260210414,"datetime":"28\/10\/2023 12:57:12"}
{"x":[21.8504834527,28.8859033248,97.5314409233],"error":0.9257745335,"datetime":"28\/10\/2023 12:57:12"}
{"x":[18.8077412132,30.5333188268,97.4898308455],"error":0.9253276123,"datetime":"28\/10\/2023 12:57:12"}
{"x":[15.9964549455,29.6311728866,100.0],"error":0.9248526462,"datetime":"28\/10\/2023 12:57:12"}
{"x":[11.4543600299,30.7974438872,100.0],"error":0.9234303979,"datetime":"28\/10\/2023 12:57:12"}
{"x":[10.0652638492,32.8713840433,100.0],"error":0.9226634436,"datetime":"28\/10\/2023 12:57:12"}
{"x":[4.7823176372,35.1437564605,100.0],"error":0.9144076406,"datetime":"28\/10\/2023 12:57:12"}
{"x":[0.000001,37.2586325777,98.326553897],"error":0.244841998,"datetime":"28\/10\/2023 12:57:13"}
{"x":[0.000001,40.658938924,97.7687385294],"error":0.2448416752,"datetime":"28\/10\/2023 12:57:13"}
{"x":[0.000001,40.5334406876,100.0],"error":0.2448412383,"datetime":"28\/10\/2023 12:57:13"}
{"x":[0.000001,43.8668146412,100.0],"error":0.2448408102,"datetime":"28\/10\/2023 12:57:13"}
{"x":[0.000001,48.9822294633,98.5124923529],"error":0.2448404437,"datetime":"28\/10\/2023 12:57:13"}
{"x":[0.000001,50.0,98.0166564705],"error":0.2448404094,"datetime":"28\/10\/2023 12:57:13"}
{"x":[0.000001,50.0,97.1902633333],"error":0.2448405738,"datetime":"28\/10\/2023 12:57:13"}
{"x":[0.000001,50.0,99.0358746732],"error":0.2448402073,"datetime":"28\/10\/2023 12:57:13"}
{"x":[0.000001,50.0,99.4582533878],"error":0.2448401238,"datetime":"28\/10\/2023 12:57:13"}
{"x":[0.000001,50.0,96.4434487944],"error":0.2448407229,"datetime":"28\/10\/2023 12:57:13"}
{"x":[0.000001,50.0,97.1843969622],"error":0.244840575,"datetime":"28\/10\/2023 12:57:13"}
{"x":[0.000001,50.0,99.2590518322],"error":0.2448401632,"datetime":"28\/10\/2023 12:57:13"}
{"x":[0.000001,50.0,100.0],"error":0.2448400171,"datetime":"28\/10\/2023 12:57:13"}
{"x":[0.000001,50.0,100.0],"error":0.2448400171,"datetime":"28\/10\/2023 12:57:13"}
{"x":[0.000001,50.0,100.0],"error":0.2448400171,"datetime":"28\/10\/2023 12:57:13"}
{"x":[0.000001,50.0,100.0],"error":0.2448400171,"datetime":"28\/10\/2023 12:57:13"}
{"x":[0.000001,50.0,100.0],"error":0.2448400171,"datetime":"28\/10\/2023 12:57:13"}
{"x":[0.000001,50.0,100.0],"error":0.2448400171,"datetime":"28\/10\/2023 12:57:13"}
