{"raw_weights":{},"x0":[33.7949565504,22.9247778052,93.50068515],"x_description":["k1","k-1","k2"],"bounds":[[0.000001,100],[0,50],[0.000001,100]],"maxiter":50000,"datetime":"28\/10\/2023 12:57:10"}
