{"x":[57.3130661216,26.4245572585,76.3650242165],"error":0.9272255126,"datetime":"28\/10\/2023 12:57:15"}
{"x":[60.1787194277,26.4245572585,76.3650242165],"error":0.9272702239,"datetime":"28\/10\/2023 12:57:16"}
{"x":[57.3130661216,27.7457851214,76.3650242165],"error":0.9272133572,"datetime":"28\/10\/2023 12:57:16"}
{"x":[57.3130661216,26.4245572585,80.1832754274],"error":0.9272453912,"datetime":"28\/10\/2023 12:57:16"}
{"x":[54.4474128155,27.3053758338,78.9105250238],"error":0.9271815455,"datetime":"28\/10\/2023 12:57:16"}
{"x":[52.5369772782,27.5989820256,79.7590252928],"error":0.9271471308,"datetime":"28\/10\/2023 12:57:16"}
{"x":[54.1290068926,28.0883256785,74.8094403899],"error":0.9271442014,"datetime":"28\/10\/2023 12:57:16"}
{"x":[53.0676538163,28.6429151518,73.0181620441],"error":0.9271062178,"datetime":"28\/10\/2023 12:57:17"}
{"x":[51.2987320224,29.5672309407,76.3964501524],"error":0.9270819896,"datetime":"28\/10\/2023 12:57:17"}
{"x":[49.2939539894,30.6147888348,76.4069254644],"error":0.9270258766,"datetime":"28\/10\/2023 12:57:17"}
{"x":[45.9526572676,30.15867222,76.4243843177],"error":0.9269466812,"datetime":"28\/10\/2023 12:57:17"}
{"x":[42.1658543163,30.9629679195,76.444171018],"error":0.9268241537,"datetime":"28\/10\/2023 12:57:17"}
{"x":[43.8146641365,32.5481325785,70.8204803915],"error":0.9268094366,"datetime":"28\/10\/2023 12:57:17"}
{"x":[40.9072264226,34.1978494295,67.8409654244],"error":0.9266566056,"datetime":"28\/10\/2023 12:57:17"}
{"x":[35.1770360025,35.2074889707,74.1098792272],"error":0.9264590296,"datetime":"28\/10\/2023 12:57:18"}
{"x":[29.2134967313,37.3956802436,74.4737849548],"error":0.9260601323,"datetime":"28\/10\/2023 12:57:18"}
{"x":[25.563764324,37.7562095603,69.4323554671],"error":0.9256641085,"datetime":"28\/10\/2023 12:57:18"}
{"x":[17.6537011023,40.1366831355,67.1074988014],"error":0.9243673834,"datetime":"28\/10\/2023 12:57:18"}
{"x":[16.3504285211,43.5238406196,63.1706617691],"error":0.923803981,"datetime":"28\/10\/2023 12:57:18"}
{"x":[7.7452865894,47.7107981862,58.7461586861],"error":0.9177130413,"datetime":"28\/10\/2023 12:57:18"}
{"x":[0.000001,49.2975916141,65.7106628704],"error":0.2448471431,"datetime":"28\/10\/2023 12:57:18"}
{"x":[0.000001,50.0,65.0005620191],"error":0.2448471883,"datetime":"28\/10\/2023 12:57:18"}
{"x":[0.000001,50.0,53.2357619504],"error":0.244849527,"datetime":"28\/10\/2023 12:57:18"}
{"x":[0.000001,50.0,51.3542235365],"error":0.2448498865,"datetime":"28\/10\/2023 12:57:18"}
{"x":[0.000001,50.0,54.7876068855],"error":0.244849227,"datetime":"28\/10\/2023 12:57:18"}
{"x":[0.000001,49.5317277427,64.4684642677],"error":0.2448473631,"datetime":"28\/10\/2023 12:57:18"}
{"x":[0.000001,49.2195462379,70.0753940654],"error":0.2448462569,"datetime":"28\/10\/2023 12:57:18"}
{"x":[0.000001,48.9593949838,75.6886047704],"error":0.2448451293,"datetime":"28\/10\/2023 12:57:18"}
{"x":[0.000001,48.5258095604,82.4575477201],"error":0.2448437813,"datetime":"28\/10\/2023 12:57:18"}
{"x":[0.000001,48.0344127473,91.6808613317],"error":0.2448419469,"datetime":"28\/10\/2023 12:57:18"}
{"x":[0.000001,47.9958718207,90.9182883806],"error":0.244842108,"datetime":"28\/10\/2023 12:57:18"}
{"x":[0.000001,47.3621947538,100.0],"error":0.2448403589,"datetime":"28\/10\/2023 12:57:18"}
{"x":[0.000001,46.717062467,100.0],"error":0.2448404423,"datetime":"28\/10\/2023 12:57:18"}
{"x":[0.000001,46.6355912307,100.0],"error":0.2448404529,"datetime":"28\/10\/2023 12:57:18"}
{"x":[0.000001,46.6922606671,100.0],"error":0.2448404455,"datetime":"28\/10\/2023 12:57:18"}
{"x":[0.000001,45.7589516871,100.0],"error":0.2448405662,"datetime":"28\/10\/2023 12:57:18"}
{"x":[0.000001,46.2330060746,100.0],"error":0.2448405049,"datetime":"28\/10\/2023 12:57:18"}
{"x":[0.000001,47.5603583597,100.0],"error":0.2448403332,"datetime":"28\/10\/2023 12:57:18"}
{"x":[0.000001,48.0028091214,100.0],"error":0.2448402759,"datetime":"28\/10\/2023 12:57:18"}
{"x":[0.000001,48.0692517975,100.0],"error":0.2448402673,"datetime":"28\/10\/2023 12:57:18"}
{"x":[0.000001,48.5471386531,100.0],"error":0.2448402054,"datetime":"28\/10\/2023 12:57:18"}
{"x":[0.000001,49.2491676851,100.0],"error":0.2448401144,"datetime":"28\/10\/2023 12:57:18"}
{"x":[0.000001,50.0,100.0],"error":0.2448400171,"datetime":"28\/10\/2023 12:57:18"}
{"x":[0.000001,50.0,100.0],"error":0.2448400171,"datetime":"28\/10\/2023 12:57:18"}
{"x":[0.000001,50.0,100.0],"error":0.2448400171,"datetime":"28\/10\/2023 12:57:18"}
{"x":[0.000001,50.0,100.0],"error":0.2448400171,"datetime":"28\/10\/2023 12:57:18"}
{"x":[0.000001,50.0,100.0],"error":0.2448400171,"datetime":"28\/10\/2023 12:57:18"}
