{"raw_weights":{},"x0":[57.3130661216,26.4245572585,76.3650242165],"x_description":["k1","k-1","k2"],"bounds":[[0.000001,100],[0,50],[0.000001,100]],"maxiter":50000,"datetime":"28\/10\/2023 12:57:15"}
