{"x":[16.0721241625,0.0156017586,21.6598472297],"error":0.9250719669,"datetime":"28\/10\/2023 12:57:03"}
{"x":[16.8757303706,0.0156017586,21.6598472297],"error":0.9252011253,"datetime":"28\/10\/2023 12:57:03"}
{"x":[16.0721241625,0.0163818465,21.6598472297],"error":0.9250718709,"datetime":"28\/10\/2023 12:57:03"}
{"x":[16.0721241625,0.0156017586,22.7428395912],"error":0.9251069194,"datetime":"28\/10\/2023 12:57:03"}
{"x":[15.2685179544,0.0161218172,22.3818421373],"error":0.924953007,"datetime":"28\/10\/2023 12:57:03"}
{"x":[14.7327804823,0.01629517,22.6225071066],"error":0.9248569619,"datetime":"28\/10\/2023 12:57:04"}
{"x":[15.1792283757,0.0165840915,21.2186281194],"error":0.9248970291,"datetime":"28\/10\/2023 12:57:04"}
{"x":[14.5839645178,0.0172389801,22.0074744074],"error":0.9248068592,"datetime":"28\/10\/2023 12:57:04"}
{"x":[14.0879113029,0.0177847207,22.1233501334],"error":0.9247055263,"datetime":"28\/10\/2023 12:57:04"}
{"x":[13.2611559448,0.0173941416,22.3164763432],"error":0.9245193855,"datetime":"28\/10\/2023 12:57:04"}
{"x":[12.3241665389,0.0177315734,22.5353527144],"error":0.9242771652,"datetime":"28\/10\/2023 12:57:04"}
{"x":[12.2506771737,0.0179568845,23.6355118501],"error":0.924289778,"datetime":"28\/10\/2023 12:57:04"}
{"x":[11.042389528,0.0193536157,22.9069693587],"error":0.9238795512,"datetime":"28\/10\/2023 12:57:05"}
{"x":[9.81225921,0.0203730976,23.0017901094],"error":0.9233894768,"datetime":"28\/10\/2023 12:57:05"}
{"x":[8.8368239787,0.0195896497,23.9917529826],"error":0.9229316884,"datetime":"28\/10\/2023 12:57:05"}
{"x":[7.0864615374,0.0201912927,24.6145539323],"error":0.9217363089,"datetime":"28\/10\/2023 12:57:05"}
{"x":[7.2312476838,0.0209070912,23.1322859873],"error":0.9218144411,"datetime":"28\/10\/2023 12:57:05"}
{"x":[3.7624790819,0.0232494142,24.6304006383],"error":0.9150803418,"datetime":"28\/10\/2023 12:57:05"}
{"x":[0.9085832629,0.0250886945,25.3287499463],"error":0.6006288179,"datetime":"28\/10\/2023 12:57:05"}
{"x":[0.338602446,0.0237516213,25.7152698012],"error":0.1956395296,"datetime":"28\/10\/2023 12:57:05"}
{"x":[0.000001,0.0248777959,26.6197630318],"error":0.2448677354,"datetime":"28\/10\/2023 12:57:05"}
{"x":[0.000001,0.0251139812,27.3067631325],"error":0.244868028,"datetime":"28\/10\/2023 12:57:05"}
{"x":[0.000001,0.029111572,27.619301321],"error":0.2448681563,"datetime":"28\/10\/2023 12:57:05"}
{"x":[0.000001,0.0268960885,28.4321395569],"error":0.2448684698,"datetime":"28\/10\/2023 12:57:05"}
{"x":[0.000001,0.0265195481,27.7856000547],"error":0.2448682223,"datetime":"28\/10\/2023 12:57:05"}
{"x":[0.2257352974,0.0254652349,25.9752894485],"error":0.1214390405,"datetime":"28\/10\/2023 12:57:05"}
{"x":[0.3009800631,0.0251137972,25.3718525797],"error":0.1660431923,"datetime":"28\/10\/2023 12:57:06"}
{"x":[0.3762248289,0.0204423196,25.0455802671],"error":0.2266998812,"datetime":"28\/10\/2023 12:57:06"}
{"x":[0.6270407149,0.0213254694,23.850663212],"error":0.426595323,"datetime":"28\/10\/2023 12:57:06"}
{"x":[0.1306342739,0.0243247079,26.5867423158],"error":0.1352977101,"datetime":"28\/10\/2023 12:57:06"}
{"x":[0.0870898493,0.0285853898,27.1392874432],"error":0.164990011,"datetime":"28\/10\/2023 12:57:06"}
{"x":[0.000001,0.0284986004,27.4189430037],"error":0.2448680746,"datetime":"28\/10\/2023 12:57:06"}
{"x":[0.2591096797,0.0247405753,26.0702017184],"error":0.1376230366,"datetime":"28\/10\/2023 12:57:06"}
{"x":[0.3232296514,0.0211016223,25.2822015453],"error":0.1832431155,"datetime":"28\/10\/2023 12:57:06"}
{"x":[0.1362856414,0.0270262716,26.7523945478],"error":0.1321841,"datetime":"28\/10\/2023 12:57:06"}
{"x":[0.0693271287,0.0264702343,26.8060824896],"error":0.179430531,"datetime":"28\/10\/2023 12:57:06"}
{"x":[0.2195716483,0.0251009209,26.2235102124],"error":0.1195005894,"datetime":"28\/10\/2023 12:57:06"}
{"x":[0.2570941174,0.0274035771,26.0473871567],"error":0.1364196368,"datetime":"28\/10\/2023 12:57:06"}
{"x":[0.1569800747,0.024966139,26.4743766576],"error":0.1228652454,"datetime":"28\/10\/2023 12:57:06"}
{"x":[0.2652390388,0.0233285916,25.6963896646],"error":0.1413551118,"datetime":"28\/10\/2023 12:57:06"}
{"x":[0.1631509325,0.0262559216,26.5323935304],"error":0.1208031192,"datetime":"28\/10\/2023 12:57:06"}
{"x":[0.2486585108,0.0262485793,26.0130854699],"error":0.1317369451,"datetime":"28\/10\/2023 12:57:06"}
{"x":[0.1760797488,0.025233314,26.3782743269],"error":0.1175812296,"datetime":"28\/10\/2023 12:57:07"}
{"x":[0.1467995891,0.0255948695,26.7808292646],"error":0.1270119279,"datetime":"28\/10\/2023 12:57:07"}
{"x":[0.2092903581,0.0254922421,26.1431102435],"error":0.1172454261,"datetime":"28\/10\/2023 12:57:07"}
{"x":[0.240143571,0.0242950631,25.9642029914],"error":0.1274714738,"datetime":"28\/10\/2023 12:57:07"}
{"x":[0.1791910655,0.0258474094,26.4140205015],"error":0.1170380706,"datetime":"28\/10\/2023 12:57:07"}
{"x":[0.1568024667,0.0259477228,26.4000931688],"error":0.1229331181,"datetime":"28\/10\/2023 12:57:07"}
{"x":[0.2064947354,0.025277338,26.2602983283],"error":0.1168318889,"datetime":"28\/10\/2023 12:57:07"}
{"x":[0.2205710239,0.025844679,26.1666783887],"error":0.119784189,"datetime":"28\/10\/2023 12:57:07"}
{"x":[0.1853487645,0.0253606817,26.3341918397],"error":0.1163130098,"datetime":"28\/10\/2023 12:57:07"}
{"x":[0.1713993522,0.025498044,26.5292302028],"error":0.1185642496,"datetime":"28\/10\/2023 12:57:07"}
{"x":[0.2013963986,0.0254934508,26.2235519017],"error":0.116313519,"datetime":"28\/10\/2023 12:57:07"}
{"x":[0.2163022001,0.0249069043,26.1313408784],"error":0.1186442889,"datetime":"28\/10\/2023 12:57:07"}
{"x":[0.1869225519,0.0256514708,26.3551289133],"error":0.1161970179,"datetime":"28\/10\/2023 12:57:07"}
{"x":[0.1759504078,0.0257263976,26.3482834415],"error":0.1176069964,"datetime":"28\/10\/2023 12:57:07"}
{"x":[0.2001313339,0.0253708921,26.2786285602],"error":0.1162290721,"datetime":"28\/10\/2023 12:57:07"}
{"x":[0.1802053683,0.0254285789,26.4217476405],"error":0.1168927178,"datetime":"28\/10\/2023 12:57:07"}
{"x":[0.1969816006,0.0254799359,26.2648426806],"error":0.1160771341,"datetime":"28\/10\/2023 12:57:07"}
{"x":[0.2040082264,0.0256408508,26.2648749297],"error":0.1165368931,"datetime":"28\/10\/2023 12:57:07"}
{"x":[0.1892361524,0.0254190503,26.3197508168],"error":0.1160772338,"datetime":"28\/10\/2023 12:57:07"}
{"x":[0.1819622027,0.0256627459,26.3478530469],"error":0.1166628507,"datetime":"28\/10\/2023 12:57:08"}
{"x":[0.1963460982,0.025431695,26.2930503283],"error":0.1160546367,"datetime":"28\/10\/2023 12:57:08"}
{"x":[0.2014533489,0.0252356499,26.2299669705],"error":0.1163179503,"datetime":"28\/10\/2023 12:57:08"}
{"x":[0.1899498013,0.0255648415,26.3290535086],"error":0.1160489783,"datetime":"28\/10\/2023 12:57:08"}
{"x":[0.1996155143,0.0255652646,26.2715468615],"error":0.1162005557,"datetime":"28\/10\/2023 12:57:08"}
{"x":[0.1913985195,0.0254495116,26.3097083261],"error":0.1160148332,"datetime":"28\/10\/2023 12:57:08"}
{"x":[0.188148012,0.0254840962,26.356365428],"error":0.1161288016,"datetime":"28\/10\/2023 12:57:08"}
{"x":[0.1951412696,0.0254808026,26.2839099197],"error":0.1160226178,"datetime":"28\/10\/2023 12:57:08"}
{"x":[0.1879802954,0.0255650755,26.3220641746],"error":0.116136828,"datetime":"28\/10\/2023 12:57:08"}
{"x":[0.1946032226,0.0254594826,26.2990948796],"error":0.1160124448,"datetime":"28\/10\/2023 12:57:08"}
{"x":[0.1974788732,0.0253616897,26.266088575],"error":0.1160980823,"datetime":"28\/10\/2023 12:57:08"}
{"x":[0.1915183579,0.0255225182,26.3159358141],"error":0.1160129523,"datetime":"28\/10\/2023 12:57:08"}
{"x":[0.1898721304,0.025473539,26.3325827602],"error":0.1160517361,"datetime":"28\/10\/2023 12:57:08"}
{"x":[0.1940435323,0.0254792893,26.2940500948],"error":0.1160048393,"datetime":"28\/10\/2023 12:57:08"}
{"x":[0.1953782224,0.0255246818,26.2963455329],"error":0.1160279194,"datetime":"28\/10\/2023 12:57:08"}
{"x":[0.1922276242,0.0254651721,26.3069244109],"error":0.1160053124,