{"raw_weights":{},"x0":[16.0721241625,0.0156017586,21.6598472297],"x_description":["k1","k-1","k2"],"bounds":[[0.000001,100],[0,50],[0.000001,100]],"maxiter":50000,"datetime":"28\/10\/2023 12:57:03"}
