{"x":[83.0983320579,18.0473333417,70.2739308555],"error":0.9275389384,"datetime":"28\/10\/2023 12:56:57"}
{"x":[87.2532486608,18.0473333417,70.2739308555],"error":0.9275661343,"datetime":"28\/10\/2023 12:56:57"}
{"x":[83.0983320579,18.9497000088,70.2739308555],"error":0.9275330008,"datetime":"28\/10\/2023 12:56:57"}
{"x":[83.0983320579,18.0473333417,73.7876273982],"error":0.9275524601,"datetime":"28\/10\/2023 12:56:57"}
{"x":[78.943415455,18.6489111198,72.6163952173],"error":0.9275140806,"datetime":"28\/10\/2023 12:56:57"}
{"x":[76.1734710531,18.8494370458,73.3972166713],"error":0.9274937033,"datetime":"28\/10\/2023 12:56:57"}
{"x":[78.4817580547,19.1836469225,68.8424248566],"error":0.9274906847,"datetime":"28\/10\/2023 12:56:58"}
{"x":[76.9429000536,19.5624181161,67.1940240093],"error":0.9274674676,"datetime":"28\/10\/2023 12:56:58"}
{"x":[74.3781367185,20.1937034387,70.3028501686],"error":0.9274551542,"datetime":"28\/10\/2023 12:56:58"}
{"x":[71.4714049387,20.9091601377,70.3124899396],"error":0.9274222497,"datetime":"28\/10\/2023 12:56:58"}
{"x":[66.6268519724,20.5976435243,70.3285562247],"error":0.9273732179,"datetime":"28\/10\/2023 12:56:58"}
{"x":[61.1363586105,21.1469580294,70.3467646811],"error":0.9272991998,"datetime":"28\/10\/2023 12:56:58"}
{"x":[63.5269713488,22.229587143,65.1716357487],"error":0.9272907975,"datetime":"28\/10\/2023 12:56:59"}
{"x":[59.3114714474,23.3563038421,62.4297754412],"error":0.9271989893,"datetime":"28\/10\/2023 12:56:59"}
{"x":[51.0032566108,24.0458632234,68.1986626986],"error":0.927081348,"datetime":"28\/10\/2023 12:56:59"}
{"x":[42.3567087965,25.5403449259,68.5335422617],"error":0.9268401424,"datetime":"28\/10\/2023 12:56:59"}
{"x":[37.0649542975,25.7865777272,63.8942316497],"error":0.9265970337,"datetime":"28\/10\/2023 12:56:59"}
{"x":[25.5961374172,27.4123835904,61.7548122198],"error":0.9258049036,"datetime":"28\/10\/2023 12:56:59"}
{"x":[23.7065198302,29.7257302095,58.1319886008],"error":0.9254762624,"datetime":"28\/10\/2023 12:56:59"}
{"x":[11.2299069034,32.5853209362,54.060396574],"error":0.9220596675,"datetime":"28\/10\/2023 12:57:00"}
{"x":[0.000001,33.6690624596,60.4693919291],"error":0.2448502587,"datetime":"28\/10\/2023 12:57:00"}
{"x":[0.000001,37.1066486654,59.8159307584],"error":0.2448499805,"datetime":"28\/10\/2023 12:57:00"}
{"x":[0.000001,39.1958905354,48.5538841064],"error":0.244851591,"datetime":"28\/10\/2023 12:57:00"}
{"x":[0.000001,45.1795231676,46.531995406],"error":0.2448512132,"datetime":"28\/10\/2023 12:57:00"}
{"x":[0.000001,48.4027206427,49.2074769399],"error":0.2448504149,"datetime":"28\/10\/2023 12:57:00"}
{"x":[0.000001,47.9300377817,55.1497179631],"error":0.2448494456,"datetime":"28\/10\/2023 12:57:00"}
{"x":[0.000001,50.0,57.3483292487],"error":0.2448487251,"datetime":"28\/10\/2023 12:57:00"}
{"x":[0.000001,45.1600563711,64.3824958919],"error":0.2448479919,"datetime":"28\/10\/2023 12:57:00"}
{"x":[0.000001,45.1535674389,70.3326627206],"error":0.2448467725,"datetime":"28\/10\/2023 12:57:00"}
{"x":[0.000001,39.7707567602,75.7904715452],"error":0.2448463696,"datetime":"28\/10\/2023 12:57:00"}
{"x":[0.000001,36.893435466,84.651469747],"error":0.2448448919,"datetime":"28\/10\/2023 12:57:00"}
{"x":[0.000001,50.0,81.7390437192],"error":0.2448437258,"datetime":"28\/10\/2023 12:57:00"}
{"x":[0.000001,50.0,89.0467480394],"error":0.2448422199,"datetime":"28\/10\/2023 12:57:00"}
{"x":[0.000001,38.0313352699,100.0],"error":0.2448415578,"datetime":"28\/10\/2023 12:57:00"}
{"x":[0.000001,34.0417803599,100.0],"error":0.2448420634,"datetime":"28\/10\/2023 12:57:00"}
{"x":[0.000001,38.1296130517,100.0],"error":0.2448415453,"datetime":"28\/10\/2023 12:57:00"}
{"x":[0.000001,35.7882949226,100.0],"error":0.2448418427,"datetime":"28\/10\/2023 12:57:00"}
{"x":[0.000001,47.2138634151,100.0],"error":0.2448403781,"datetime":"28\/10\/2023 12:57:00"}
{"x":[0.000001,50.0,100.0],"error":0.2448400171,"datetime":"28\/10\/2023 12:57:00"}
{"x":[0.000001,34.1072988811,100.0],"error":0.2448420551,"datetime":"28\/10\/2023 12:57:00"}
{"x":[0.000001,37.4182782808,100.0],"error":0.2448416358,"datetime":"28\/10\/2023 12:57:00"}
{"x":[0.000001,46.6890206002,100.0],"error":0.244840446,"datetime":"28\/10\/2023 12:57:00"}
{"x":[0.000001,50.0,100.0],"error":0.2448400171,"datetime":"28\/10\/2023 12:57:00"}
{"x":[0.000001,50.0,100.0],"error":0.2448400171,"datetime":"28\/10\/2023 12:57:00"}
{"x":[0.000001,50.0,100.0],"error":0.2448400171,"datetime":"28\/10\/2023 12:57:00"}
{"x":[0.000001,50.0,100.0],"error":0.2448400171,"datetime":"28\/10\/2023 12:57:00"}
