{"raw_weights":{},"x0":[83.0983320579,18.0473333417,70.2739308555],"x_description":["k1","k-1","k2"],"bounds":[[0.000001,100],[0,50],[0.000001,100]],"maxiter":50000,"datetime":"28\/10\/2023 12:56:57"}
