{"x":[80.5002925695,40.3970394868,51.5325565889],"error":0.9271936452,"datetime":"28\/10\/2023 12:56:53"}
{"x":[84.525307198,40.3970394868,51.5325565889],"error":0.9272364865,"datetime":"28\/10\/2023 12:56:53"}
{"x":[80.5002925695,42.4168914612,51.5325565889],"error":0.9271737654,"datetime":"28\/10\/2023 12:56:53"}
{"x":[80.5002925695,40.3970394868,54.1091844183],"error":0.9272248407,"datetime":"28\/10\/2023 12:56:54"}
{"x":[76.4752779411,41.7436074697,53.2503084752],"error":0.9271545604,"datetime":"28\/10\/2023 12:56:54"}
{"x":[73.7919348554,42.192463464,53.8228924373],"error":0.9271226484,"datetime":"28\/10\/2023 12:56:54"}
{"x":[76.0280540934,42.9405567878,50.482819325],"error":0.9270990146,"datetime":"28\/10\/2023 12:56:54"}
{"x":[74.5373079348,43.7883958882,49.2740309606],"error":0.9270513113,"datetime":"28\/10\/2023 12:56:54"}
{"x":[72.0527310036,45.2014610554,51.5537634023],"error":0.9270345234,"datetime":"28\/10\/2023 12:56:54"}
{"x":[69.2368771483,46.8029349116,51.5608323401],"error":0.9269724164,"datetime":"28\/10\/2023 12:56:54"}
{"x":[64.5437873894,46.1056380481,51.5726139031],"error":0.9268983359,"datetime":"28\/10\/2023 12:56:55"}
{"x":[59.2249523294,47.3352202437,51.5859663412],"error":0.926772179,"datetime":"28\/10\/2023 12:56:55"}
{"x":[61.5408234195,49.758570565,47.7909939906],"error":0.9267170164,"datetime":"28\/10\/2023 12:56:55"}
{"x":[57.4571196076,50.0,45.7803611751],"error":0.9265674442,"datetime":"28\/10\/2023 12:56:55"}
{"x":[49.4086581221,50.0,50.010742277],"error":0.9264235045,"datetime":"28\/10\/2023 12:56:55"}
{"x":[41.0324415179,50.0,50.2563127158],"error":0.9260803562,"datetime":"28\/10\/2023 12:56:55"}
{"x":[35.9061318216,50.0,46.8542611479],"error":0.9256772298,"datetime":"28\/10\/2023 12:56:56"}
{"x":[24.7958833794,50.0,45.2854040839],"error":0.9244969838,"datetime":"28\/10\/2023 12:56:56"}
{"x":[22.9653440072,50.0,42.6287523087],"error":0.924055726,"datetime":"28\/10\/2023 12:56:56"}
{"x":[10.8788078998,50.0,39.6430142978],"error":0.9189752372,"datetime":"28\/10\/2023 12:56:56"}
{"x":[0.000001,50.0,44.3427928899],"error":0.2448509855,"datetime":"28\/10\/2023 12:56:56"}
{"x":[0.000001,50.0,43.8636034615],"error":0.24485106,"datetime":"28\/10\/2023 12:56:56"}
{"x":[0.000001,50.0,35.9244947986],"error":0.2448522992,"datetime":"28\/10\/2023 12:56:56"}
{"x":[0.000001,50.0,34.6547972403],"error":0.2448524988,"datetime":"28\/10\/2023 12:56:56"}
{"x":[0.000001,50.0,36.971708988],"error":0.2448521352,"datetime":"28\/10\/2023 12:56:56"}
{"x":[0.000001,50.0,43.5045338774],"error":0.2448511158,"datetime":"28\/10\/2023 12:56:56"}
{"x":[0.000001,50.0,47.2881957049],"error":0.2448505271,"datetime":"28\/10\/2023 12:56:56"}
{"x":[0.000001,50.0,51.076096007],"error":0.244849939,"datetime":"28\/10\/2023 12:56:56"}
{"x":[0.000001,50.0,55.6439061948],"error":0.2448490601,"datetime":"28\/10\/2023 12:56:56"}
{"x":[0.000001,50.0,61.8679719304],"error":0.2448478238,"datetime":"28\/10\/2023 12:56:56"}
{"x":[0.000001,50.0,61.3533733408],"error":0.2448479275,"datetime":"28\/10\/2023 12:56:56"}
{"x":[0.000001,50.0,71.8555012956],"error":0.2448457777,"datetime":"28\/10\/2023 12:56:56"}
{"x":[0.000001,50.0,81.0264040975],"error":0.2448438737,"datetime":"28\/10\/2023 12:56:56"}
{"x":[0.000001,50.0,85.0890702388],"error":0.2448430331,"datetime":"28\/10\/2023 12:56:56"}
{"x":[0.000001,50.0,96.4267283161],"error":0.2448407262,"datetime":"28\/10\/2023 12:56:56"}
{"x":[0.000001,50.0,98.1940295552],"error":0.2448403741,"datetime":"28\/10\/2023 12:56:56"}
{"x":[0.000001,50.0,100.0],"error":0.2448400171,"datetime":"28\/10\/2023 12:56:56"}
{"x":[0.000001,50.0,100.0],"error":0.2448400171,"datetime":"28\/10\/2023 12:56:56"}
{"x":[0.000001,50.0,100.0],"error":0.2448400171,"datetime":"28\/10\/2023 12:56:56"}
{"x":[0.000001,50.0,100.0],"error":0.2448400171,"datetime":"28\/10\/2023 12:56:56"}
{"x":[0.000001,50.0,100.0],"error":0.2448400171,"datetime":"28\/10\/2023 12:56:57"}
