{"x":[69.2743371038,40.7908555668,34.4406764349],"error":0.9266694205,"datetime":"28\/10\/2023 12:56:57"}
{"x":[72.738053959,40.7908555668,34.4406764349],"error":0.92673292,"datetime":"28\/10\/2023 12:56:57"}
{"x":[69.2743371038,42.8303983451,34.4406764349],"error":0.926633293,"datetime":"28\/10\/2023 12:56:57"}
{"x":[69.2743371038,40.7908555668,36.1627102566],"error":0.9267234992,"datetime":"28\/10\/2023 12:56:57"}
{"x":[65.8106202486,42.1505507524,35.5886989827],"error":0.9266126174,"datetime":"28\/10\/2023 12:56:57"}
{"x":[63.5014756785,42.6037824809,35.9713731653],"error":0.9265658321,"datetime":"28\/10\/2023 12:56:58"}
{"x":[65.4257628202,43.3591686951,33.7391071001],"error":0.9265169318,"datetime":"28\/10\/2023 12:56:58"}
{"x":[64.1429047257,44.2152730712,32.9312393813],"error":0.9264386478,"datetime":"28\/10\/2023 12:56:58"}
{"x":[62.0048079015,45.642113698,34.4548495528],"error":0.9264169742,"datetime":"28\/10\/2023 12:56:58"}
{"x":[59.5816315008,47.2591997417,34.4595739254],"error":0.9263188867,"datetime":"28\/10\/2023 12:56:58"}
{"x":[55.5430041662,46.5551051841,34.4674478798],"error":0.9262115963,"datetime":"28\/10\/2023 12:56:58"}
{"x":[50.965893187,47.7966741304,34.4763716947],"error":0.9260197804,"datetime":"28\/10\/2023 12:56:58"}
{"x":[52.9588105972,50.0,31.9400835022],"error":0.9259163731,"datetime":"28\/10\/2023 12:56:59"}
{"x":[49.4445889035,50.0,30.5963202812],"error":0.925688725,"datetime":"28\/10\/2023 12:56:59"}
{"x":[42.5185043351,50.0,33.423604553],"error":0.9254977651,"datetime":"28\/10\/2023 12:56:59"}
{"x":[35.3103708716,50.0,33.5877262769],"error":0.9249945331,"datetime":"28\/10\/2023 12:56:59"}
{"x":[30.8989371406,50.0,31.3140382431],"error":0.9243777772,"datetime":"28\/10\/2023 12:56:59"}
{"x":[21.3380390205,50.0,30.2655263491],"error":0.9226249972,"datetime":"28\/10\/2023 12:56:59"}
{"x":[19.7627726767,50.0,28.4900102434],"error":0.9219380683,"datetime":"28\/10\/2023 12:57:00"}
{"x":[9.3617325066,50.0,26.4945564263],"error":0.9108156985,"datetime":"28\/10\/2023 12:57:00"}
{"x":[0.000001,50.0,29.6355524202],"error":0.244853297,"datetime":"28\/10\/2023 12:57:00"}
{"x":[0.000001,50.0,29.3152964666],"error":0.2448533486,"datetime":"28\/10\/2023 12:57:00"}
{"x":[0.000001,50.0,24.0093638535],"error":0.244854226,"datetime":"28\/10\/2023 12:57:00"}
{"x":[0.000001,50.0,23.1607887843],"error":0.2448543713,"datetime":"28\/10\/2023 12:57:00"}
{"x":[0.000001,50.0,24.7092469458],"error":0.2448541073,"datetime":"28\/10\/2023 12:57:00"}
{"x":[0.000001,50.0,29.0753200287],"error":0.2448533873,"datetime":"28\/10\/2023 12:57:00"}
{"x":[0.000001,50.0,31.6040490763],"error":0.2448529816,"datetime":"28\/10\/2023 12:57:00"}
{"x":[0.000001,50.0,34.1356108172],"error":0.2448525807,"datetime":"28\/10\/2023 12:57:00"}
{"x":[0.000001,50.0,37.188408565],"error":0.2448521013,"datetime":"28\/10\/2023 12:57:00"}
{"x":[0.000001,50.0,41.3481291048],"error":0.2448514518,"datetime":"28\/10\/2023 12:57:00"}
{"x":[0.000001,50.0,41.0042081994],"error":0.2448515054,"datetime":"28\/10\/2023 12:57:00"}
{"x":[0.000001,50.0,48.0230796607],"error":0.2448504131,"datetime":"28\/10\/2023 12:57:00"}
{"x":[0.000001,50.0,54.1522554075],"error":0.2448493502,"datetime":"28\/10\/2023 12:57:00"}
{"x":[0.000001,50.0,56.8674509906],"error":0.24484882,"datetime":"28\/10\/2023 12:57:00"}
{"x":[0.000001,50.0,64.4447310484],"error":0.2448473014,"datetime":"28\/10\/2023 12:57:00"}
{"x":[0.000001,50.0,65.6258688411],"error":0.2448470608,"datetime":"28\/10\/2023 12:57:00"}
{"x":[0.000001,50.0,73.8330890549],"error":0.244845368,"datetime":"28\/10\/2023 12:57:00"}
{"x":[0.000001,50.0,86.9385879025],"error":0.2448426522,"datetime":"28\/10\/2023 12:57:00"}
{"x":[0.000001,50.0,100.0],"error":0.2448400171,"datetime":"28\/10\/2023 12:57:00"}
{"x":[0.000001,50.0,100.0],"error":0.2448400171,"datetime":"28\/10\/2023 12:57:00"}
{"x":[0.000001,50.0,100.0],"error":0.2448400171,"datetime":"28\/10\/2023 12:57:00"}
{"x":[0.000001,50.0,100.0],"error":0.2448400171,"datetime":"28\/10\/2023 12:57:00"}
{"x":[0.000001,50.0,100.0],"error":0.2448400171,"datetime":"28\/10\/2023 12:57:00"}
