{"raw_weights":{},"x0":[69.2743371038,40.7908555668,34.4406764349],"x_description":["k1","k-1","k2"],"bounds":[[0.000001,100],[0,50],[0.000001,100]],"maxiter":50000,"datetime":"28\/10\/2023 12:56:57"}
