{"x":[8.5649176287,11.8405253298,80.1274467194],"error":0.9225335487,"datetime":"28\/10\/2023 12:56:53"}
{"x":[8.9931635101,11.8405253298,80.1274467194],"error":0.9228087378,"datetime":"28\/10\/2023 12:56:53"}
{"x":[8.5649176287,12.4325515963,80.1274467194],"error":0.9224964014,"datetime":"28\/10\/2023 12:56:53"}
{"x":[8.5649176287,11.8405253298,84.1338190553],"error":0.9225790645,"datetime":"28\/10\/2023 12:56:54"}
{"x":[8.1366717473,12.2352095075,82.79836161],"error":0.9222358015,"datetime":"28\/10\/2023 12:56:54"}
{"x":[7.851174493,12.3667709,83.6886665736],"error":0.9220160077,"datetime":"28\/10\/2023 12:56:54"}
{"x":[8.0890888716,12.5860398876,78.4952209529],"error":0.9221214875,"datetime":"28\/10\/2023 12:56:54"}
{"x":[7.7718697001,13.0830495928,81.4134427778],"error":0.9218736054,"datetime":"28\/10\/2023 12:56:54"}
{"x":[7.5075203906,13.4972243471,81.8421081306],"error":0.9216216947,"datetime":"28\/10\/2023 12:56:54"}
{"x":[7.0669382081,13.2008051602,82.5565503853],"error":0.9212314097,"datetime":"28\/10\/2023 12:56:54"}
{"x":[6.5676117345,13.4568896815,83.3662516073],"error":0.9206699159,"datetime":"28\/10\/2023 12:56:55"}
{"x":[6.5284488738,13.6278833982,87.4361299215],"error":0.9206702366,"datetime":"28\/10\/2023 12:56:55"}
{"x":[5.884546173,14.6878940512,84.7409931994],"error":0.9196326194,"datetime":"28\/10\/2023 12:56:55"}
{"x":[5.2290033996,15.4616017683,85.0917687414],"error":0.9182753498,"datetime":"28\/10\/2023 12:56:55"}
{"x":[4.709188948,14.8670255515,88.7539920495],"error":0.916981674,"datetime":"28\/10\/2023 12:56:55"}
{"x":[3.7764118005,15.323625953,91.0579533558],"error":0.9117676333,"datetime":"28\/10\/2023 12:56:55"}
{"x":[3.8535690826,15.866861537,85.5745192148],"error":0.9119359942,"datetime":"28\/10\/2023 12:56:55"}
{"x":[2.005044454,17.6445031573,91.116575934],"error":0.835033829,"datetime":"28\/10\/2023 12:56:56"}
{"x":[0.4841886938,19.0403743159,93.7000173762],"error":0.251775955,"datetime":"28\/10\/2023 12:56:56"}
{"x":[0.180442985,18.0256394357,95.1298912232],"error":0.1246486548,"datetime":"28\/10\/2023 12:56:56"}
{"x":[0.000001,18.8803186581,98.4759320505],"error":0.2448442479,"datetime":"28\/10\/2023 12:56:56"}
{"x":[0.000001,19.0595649327,100.0],"error":0.2448439092,"datetime":"28\/10\/2023 12:56:56"}
{"x":[0.000001,22.0934265032,100.0],"error":0.244843543,"datetime":"28\/10\/2023 12:56:56"}
{"x":[0.000001,20.4120462651,100.0],"error":0.2448437464,"datetime":"28\/10\/2023 12:56:56"}
{"x":[0.1202956567,21.2945098699,96.7532608155],"error":0.1560128454,"datetime":"28\/10\/2023 12:56:56"}
{"x":[0.2004920944,20.5303376074,94.5887680258],"error":0.1201262805,"datetime":"28\/10\/2023 12:56:56"}
{"x":[0.2673224593,20.5697680549,92.7850240343],"error":0.1196873187,"datetime":"28\/10\/2023 12:56:56"}
{"x":[0.3787064006,17.8331850704,89.7787840487],"error":0.1793658806,"datetime":"28\/10\/2023 12:56:56"}
{"x":[0.2998094422,18.7207353689,91.9082040385],"error":0.132842676,"datetime":"28\/10\/2023 12:56:56"}
{"x":[0.3780876009,16.9162520363,89.7954853819],"error":0.1811234001,"datetime":"28\/10\/2023 12:56:56"}
{"x":[0.1740023117,20.3823728213,95.3037242668],"error":0.1283751858,"datetime":"28\/10\/2023 12:56:56"}
{"x":[0.1147023952,20.5977848389,96.904222311],"error":0.1590243545,"datetime":"28\/10\/2023 12:56:56"}
{"x":[0.261245474,19.1117873418,92.9490411786],"error":0.1190991042,"datetime":"28\/10\/2023 12:56:56"}
{"x":[0.2986716338,18.0890904003,91.9389133573],"error":0.13311416,"datetime":"28\/10\/2023 12:56:56"}
{"x":[0.1999750872,19.9046056502,94.602721994],"error":0.1199880343,"datetime":"28\/10\/2023 12:56:56"}
{"x":[0.305252362,21.698467929,91.7613002481],"error":0.1316580885,"datetime":"28\/10\/2023 12:56:56"}
{"x":[0.2064449385,18.7908120384,94.4281014367],"error":0.1182387541,"datetime":"28\/10\/2023 12:56:56"}
{"x":[0.2900334941,19.0769726398,92.1720557725],"error":0.1283010936,"datetime":"28\/10\/2023 12:56:57"}
{"x":[0.2187372553,19.7321821064,94.0963331978],"error":0.1167296899,"datetime":"28\/10\/2023 12:56:57"}
{"x":[0.190295986,17.8534196029,94.8639598411],"error":0.1215522969,"datetime":"28\/10\/2023 12:56:57"}
{"x":[0.2512752773,20.0038621274,93.2181356608],"error":0.1170913486,"datetime":"28\/10\/2023 12:56:57"}
{"x":[0.1897261734,19.9061168396,94.8793390182],"error":0.1226984317,"datetime":"28\/10\/2023 12:56:57"}
{"x":[0.2463456197,19.2772726539,93.3511865619],"error":0.1167202013,"datetime":"28\/10\/2023 12:56:57"}
{"x":[0.271127163,20.55139922,92.6823355103],"error":0.1206339454,"datetime":"28\/10\/2023 12:56:57"}
{"x":[0.219920402,19.1576010346,94.064400202],"error":0.1165103712,"datetime":"28\/10\/2023 12:56:57"}
{"x":[0.205393574,18.7741750692,94.4564776471],"error":0.1184257389,"datetime":"28\/10\/2023 12:56:57"}
{"x":[0.2417165891,19.7476773236,93.4761235746],"error":0.1163009275,"datetime":"28\/10\/2023 12:56:57"}
{"x":[0.253251152,19.056185235,93.1648070278],"error":0.1176549167,"datetime":"28\/10\/2023 12:56:57"}
{"x":[0.2259276504,19.5913494249,93.9022652458],"error":0.1161810016,"datetime":"28\/10\/2023 12:56:57"}
{"x":[0.2120308079,19.7204792015,94.277339453],"error":0.1175924494,"datetime":"28\/10\/2023 12:56:57"}
{"x":[0.2391967006,19.3696073513,93.5441350809],"error":0.1162231287,"datetime":"28\/10\/2023 12:56:57"}
{"x":[0.2513068915,19.9814883652,93.2172823988],"error":0.1171017523,"datetime":"28\/10\/2023 12:56:57"}
{"x":[0.2264592539,19.3292442285,93.8879173264],"error":0.1161389354,"datetime":"28\/10\/2023 12:56:57"}
{"x":[0.2193391475,19.1124566795,94.0800881941],"error":0.1165546678,"datetime":"28\/10\/2023 12:56:57"}
{"x":[0.2370546221,19.6153396894,93.601949537],"error":0.1161202536,"datetime":"28\/10\/2023 12:56:57"}
{"x":[0.2204309837,19.6543482105,94.0506196585],"error":0.116552013,"datetime":"28\/10\/2023 12:56:57"}
{"x":[0.2352871763,19.4289283636,93.6496527012],"error":0.1160820499,"datetime":"28\/10\/2023 12:56:57"}
{"x":[0.2399397178,19.3243254295,93.5240811306],"error":0.1162595042,"datetime":"28\/10\/2023 12:56:57"}
{"x":[0.2288468311,19.5357194258,93.8234768884],"error":0.1160752827,"datetime":"28\/10\/2023 12:56:58"}
{"x":[0.2409998324,19.7240807574,93.4954687581],"error":0.1162687339,"datetime":"28\/10\/2023 12:56:58"}
{"x":[0.2294885411,19.4115018387,93.806157208],"error":0.1160586001,"datetime":"28\/10\/2023 12:56:58"}
{"x":[0.2253604102,19.302093396,93.9175749948],"error":0.116180318,"datetime":"28\/10\/2023 12:56:58"}
{"x":[0.234618328,19.5500800449,93.6677048407],"error":0.116062958,"datetime":"28\/10\/2023 12:56:58"}
{"x":[0.2266819572,19.5692725093,93.8819065902],"error":0.1161493132,"datetime":"28\/10\/2023 12:56:58"}
{"x":[0.2334944223,19.4581667273,93.6980389281],"error":0.116048947,"datetime":"28\/10\/2023 12:56:58"}
{"x":[0.2362206965,19.4107796481,93.624457096],"error":0.1161079472,"datetime":"28\/10\/2023 12:56:58"}
{"x":[0.2303830531,19.5096903055,93.7820144317],"error":0.1160493164,"datetime":"28\/10\/2023 12:56:58"}
{"x":[0.227625683,19.369492536,93.8564355378],"error":0.1160990467,"datetime":"28\/10\/2023 12:56:58"}
{"x":[0.2331615269,19.5124576473,93.7070237359],"error":0.1160442725,"datetime":"28\/10\/2023 12:56:58"}
{"x":[0.2352041271,19.5753746147,93.6518941892],"error":0.1160731457,"datetime":"28\/10\/2023 12:56:58"}
{"x":[0.2306792882,19.4456420003,93.774019079],"error":0.1160457772,"datetime":"28\/10\/2023 12:56:58"}
{"x":[0.2345071052,19.4344872778,93.6707067303],"error":0.1160653983,"datetime":"28\/10\/2023 12:56:58"}
{"x":[0.2312422306,19.494023008,93.7588253272],"error":0.1160434323,"datetime":"28\/10\/2023 12:56:58"}
{"x":[0.2298942749,19.5099150431,93.7952065001],"error":0.1160557138,"datetime":"28\/10\/2023 12:56:58"}
{"x":[0.2327443916,19.4689476264,93.7182821722],"error":0.1160420458,"datetime":"28\/10\/2023 12:56:58"}
{"x":[0.2340861445,19.5379768542,93.6820684112],"error":0.1160545764,"datetime":"28\/10\/2023 12:56:58"}
{"x":[0.2313890499,19.4648784282,93.7548626899],"error":0.1160427656,