{"raw_weights":{},"x0":[8.5649176287,11.8405253298,80.1274467194],"x_description":["k1","k-1","k2"],"bounds":[[0.000001,100],[0,50],[0.000001,100]],"maxiter":50000,"datetime":"28\/10\/2023 12:56:49"}
