{"x":[95.6001710069,10.384090504,82.844488699],"error":0.9276866277,"datetime":"28\/10\/2023 12:56:53"}
{"x":[100.0,10.384090504,82.844488699],"error":0.9277047537,"datetime":"28\/10\/2023 12:56:53"}
{"x":[95.6001710069,10.9032950292,82.844488699],"error":0.9276842669,"datetime":"28\/10\/2023 12:56:53"}
{"x":[95.6001710069,10.384090504,86.986713134],"error":0.9276946768,"datetime":"28\/10\/2023 12:56:54"}
{"x":[91.2003420138,10.7302268541,85.6059716556],"error":0.9276705565,"datetime":"28\/10\/2023 12:56:54"}
{"x":[88.2671226851,10.8456056375,86.5264659745],"error":0.9276572581,"datetime":"28\/10\/2023 12:56:54"}
{"x":[90.7114721257,11.0379036098,81.1569157811],"error":0.9276572131,"datetime":"28\/10\/2023 12:56:54"}
{"x":[89.0819058319,11.2558413117,79.2136499968],"error":0.9276432366,"datetime":"28\/10\/2023 12:56:54"}
{"x":[86.365962009,11.6190708149,82.8785810812],"error":0.9276354492,"datetime":"28\/10\/2023 12:56:54"}
{"x":[83.2878923431,12.0307309186,82.8899452086],"error":0.927615515,"datetime":"28\/10\/2023 12:56:55"}
{"x":[78.1577762331,11.851490216,82.9088854209],"error":0.9275833793,"datetime":"28\/10\/2023 12:56:55"}
{"x":[72.3436446419,12.1675552783,82.9303509949],"error":0.9275375395,"datetime":"28\/10\/2023 12:56:55"}
{"x":[74.8751725262,12.7904793682,76.829498159],"error":0.9275364834,"datetime":"28\/10\/2023 12:56:55"}
{"x":[70.4111891399,13.4387706118,73.5971755538],"error":0.9274831888,"datetime":"28\/10\/2023 12:56:55"}
{"x":[61.613244918,13.8355298941,80.3979978414],"error":0.9274112007,"datetime":"28\/10\/2023 12:56:55"}
{"x":[52.4570246133,14.6954260882,80.7927804563],"error":0.9272737353,"datetime":"28\/10\/2023 12:56:56"}
{"x":[46.853346587,14.8371037337,75.3235927947],"error":0.9271403302,"datetime":"28\/10\/2023 12:56:56"}
{"x":[34.7084980017,15.7725613387,72.8014753234],"error":0.9267427385,"datetime":"28\/10\/2023 12:56:56"}
{"x":[32.707496528,17.1036167476,68.5306032274],"error":0.9265985307,"datetime":"28\/10\/2023 12:56:56"}
{"x":[19.4954471568,18.7489705706,63.7306873049],"error":0.9253867537,"datetime":"28\/10\/2023 12:56:56"}
{"x":[0.6961240413,19.3725347199,71.2861198359],"error":0.3711759763,"datetime":"28\/10\/2023 12:56:56"}
{"x":[0.000001,21.3504560892,70.51576793],"error":0.2448497945,"datetime":"28\/10\/2023 12:56:56"}
{"x":[0.000001,22.5525659108,57.2391732493],"error":0.2448520672,"datetime":"28\/10\/2023 12:56:56"}
{"x":[0.000001,25.9954337084,54.8556103327],"error":0.2448520791,"datetime":"28\/10\/2023 12:56:56"}
{"x":[0.000001,27.8499999017,58.0096803697],"error":0.2448513054,"datetime":"28\/10\/2023 12:56:56"}
{"x":[0.000001,21.839914226,68.9874706999],"error":0.2448500475,"datetime":"28\/10\/2023 12:56:56"}
{"x":[0.000001,24.8076809005,74.4361060838],"error":0.2448485661,"datetime":"28\/10\/2023 12:56:56"}
{"x":[0.000001,25.559385897,80.1684170287],"error":0.2448472791,"datetime":"28\/10\/2023 12:56:56"}
{"x":[0.000001,17.9831709065,88.4380900693],"error":0.2448464612,"datetime":"28\/10\/2023 12:56:56"}
{"x":[0.000001,14.6942279082,98.5808933025],"error":0.2448447246,"datetime":"28\/10\/2023 12:56:56"}
{"x":[0.000001,19.2294657036,97.1892481409],"error":0.2448444743,"datetime":"28\/10\/2023 12:56:56"}
{"x":[0.000001,18.3593161961,100.0],"error":0.2448439931,"datetime":"28\/10\/2023 12:56:57"}
{"x":[0.000001,17.7248305783,100.0],"error":0.2448440689,"datetime":"28\/10\/2023 12:56:57"}
{"x":[0.000001,8.2928638914,100.0],"error":0.244845178,"datetime":"28\/10\/2023 12:56:57"}
{"x":[0.000001,11.8900559759,100.0],"error":0.2448447588,"datetime":"28\/10\/2023 12:56:57"}
{"x":[0.000001,21.9621938125,99.0539288684],"error":0.2448437555,"datetime":"28\/10\/2023 12:56:57"}
{"x":[0.000001,25.3195730914,98.7385718245],"error":0.2448434108,"datetime":"28\/10\/2023 12:56:57"}
{"x":[0.000001,26.2415853357,100.0],"error":0.2448430359,"datetime":"28\/10\/2023 12:56:57"}
{"x":[0.000001,30.0907044782,100.0],"error":0.2448425587,"datetime":"28\/10\/2023 12:56:57"}
{"x":[0.000001,31.4548985988,99.159047883],"error":0.2448425616,"datetime":"28\/10\/2023 12:56:57"}
{"x":[0.000001,39.5508012495,98.5984131383],"error":0.2448416488,"datetime":"28\/10\/2023 12:56:57"}
{"x":[0.000001,46.6146296007,98.1312175177],"error":0.2448408288,"datetime":"28\/10\/2023 12:56:57"}
{"x":[0.000001,46.7872486938,99.4549384427],"error":0.2448405418,"datetime":"28\/10\/2023 12:56:57"}
{"x":[0.000001,50.0,99.6937273154],"error":0.2448400774,"datetime":"28\/10\/2023 12:56:57"}
{"x":[0.000001,50.0,99.3909153391],"error":0.2448401371,"datetime":"28\/10\/2023 12:56:57"}
{"x":[0.000001,50.0,98.1439067815],"error":0.2448403841,"datetime":"28\/10\/2023 12:56:57"}
{"x":[0.000001,50.0,100.0],"error":0.2448400171,"datetime":"28\/10\/2023 12:56:57"}
{"x":[0.000001,50.0,100.0],"error":0.2448400171,"datetime":"28\/10\/2023 12:56:57"}
{"x":[0.000001,50.0,100.0],"error":0.2448400171,"datetime":"28\/10\/2023 12:56:57"}
{"x":[0.000001,50.0,100.0],"error":0.2448400171,"datetime":"28\/10\/2023 12:56:57"}
{"x":[0.000001,50.0,100.0],"error":0.2448400171,"datetime":"28\/10\/2023 12:56:57"}
{"x":[0.000001,50.0,100.0],"error":0.2448400171,"datetime":"28\/10\/2023 12:56:57"}
