{"raw_weights":{},"x0":[95.6001710069,10.384090504,82.844488699],"x_description":["k1","k-1","k2"],"bounds":[[0.000001,100],[0,50],[0.000001,100]],"maxiter":50000,"datetime":"28\/10\/2023 12:56:50"}
