{"x":[28.0075969829,23.0573354901,12.1719701359],"error":0.9227632472,"datetime":"28\/10\/2023 12:57:00"}
{"x":[29.4079768321,23.0573354901,12.1719701359],"error":0.922977958,"datetime":"28\/10\/2023 12:57:00"}
{"x":[28.0075969829,24.2102022647,12.1719701359],"error":0.9226167085,"datetime":"28\/10\/2023 12:57:00"}
{"x":[28.0075969829,23.0573354901,12.7805686427],"error":0.9229627713,"datetime":"28\/10\/2023 12:57:00"}
{"x":[26.6072171338,23.8259133398,12.5777024738],"error":0.9225668608,"datetime":"28\/10\/2023 12:57:00"}
{"x":[25.6736305677,24.0821059564,12.7129465864],"error":0.9224075655,"datetime":"28\/10\/2023 12:57:01"}
{"x":[26.4516193728,24.5090936506,11.9240225961],"error":0.9222077642,"datetime":"28\/10\/2023 12:57:01"}
{"x":[25.9329601694,24.9930130375,11.6385072473],"error":0.9219212241,"datetime":"28\/10\/2023 12:57:01"}
{"x":[25.0685281637,25.7995453489,12.1769791771],"error":0.9218471433,"datetime":"28\/10\/2023 12:57:01"}
{"x":[24.0888385573,26.7136153018,12.1786488575],"error":0.9214912212,"datetime":"28\/10\/2023 12:57:01"}
{"x":[22.4560225467,26.3156205991,12.1814316582],"error":0.9211330988,"datetime":"28\/10\/2023 12:57:01"}
{"x":[20.6054977346,27.0174267106,12.184585499],"error":0.92045034,"datetime":"28\/10\/2023 12:57:02"}
{"x":[21.4112337399,28.4005974101,11.2882144828],"error":0.9199814264,"datetime":"28\/10\/2023 12:57:02"}
{"x":[19.9904347972,29.8400945614,10.8133037815],"error":0.9187732328,"datetime":"28\/10\/2023 12:57:02"}
{"x":[17.1902205567,30.7210780117,11.8125181781],"error":0.9177717833,"datetime":"28\/10\/2023 12:57:02"}
{"x":[14.2759740192,32.6304330031,11.8705218217],"error":0.9139677963,"datetime":"28\/10\/2023 12:57:02"}
{"x":[12.4924324767,32.9450208816,11.066958544],"error":0.9070791187,"datetime":"28\/10\/2023 12:57:02"}
{"x":[8.6269637831,35.0221560749,10.6963951061],"error":0.8600268658,"datetime":"28\/10\/2023 12:57:02"}
{"x":[7.9900839984,37.9776957157,10.0688949739],"error":0.8170121745,"datetime":"28\/10\/2023 12:57:03"}
{"x":[3.7849460864,41.6311187174,9.3636647989],"error":0.4583462979,"datetime":"28\/10\/2023 12:57:03"}
{"x":[0.000001,43.0157106355,10.473750703],"error":0.2448585198,"datetime":"28\/10\/2023 12:57:03"}
{"x":[0.000001,47.4075826602,10.3605663435],"error":0.2448573505,"datetime":"28\/10\/2023 12:57:03"}
{"x":[0.000001,50.0,8.4098956773],"error":0.2448572197,"datetime":"28\/10\/2023 12:57:03"}
{"x":[0.000001,50.0,7.2563536291],"error":0.2448575252,"datetime":"28\/10\/2023 12:57:03"}
{"x":[0.000001,50.0,8.0596894403],"error":0.2448573106,"datetime":"28\/10\/2023 12:57:03"}
{"x":[0.000001,50.0,8.5231028418],"error":0.2448571906,"datetime":"28\/10\/2023 12:57:03"}
{"x":[0.000001,50.0,8.2429155227],"error":0.2448572628,"datetime":"28\/10\/2023 12:57:03"}
{"x":[0.000001,50.0,6.3012256295],"error":0.2448577918,"datetime":"28\/10\/2023 12:57:03"}
{"x":[0.000001,48.4877565518,9.5148703614],"error":0.2448573046,"datetime":"28\/10\/2023 12:57:03"}
{"x":[0.000001,48.9918377012,9.5722231466],"error":0.2448571667,"datetime":"28\/10\/2023 12:57:03"}
{"x":[0.000001,48.6557836016,10.0764010487],"error":0.2448571195,"datetime":"28\/10\/2023 12:57:03"}
{"x":[0.000001,50.0,8.4913960171],"error":0.2448571988,"datetime":"28\/10\/2023 12:57:03"}
{"x":[0.000001,49.1038557344,9.6507042611],"error":0.2448571199,"datetime":"28\/10\/2023 12:57:03"}
{"x":[0.000001,48.506426224,10.3420760839],"error":0.2448570882,"datetime":"28\/10\/2023 12:57:03"}
{"x":[0.000001,48.0085682986,10.9589694395],"error":0.2448570516,"datetime":"28\/10\/2023 12:57:03"}
{"x":[0.000001,47.1788050897,11.9342803244],"error":0.2448570039,"datetime":"28\/10\/2023 12:57:03"}
{"x":[0.000001,46.2384067863,13.0713394853],"error":0.244856942,"datetime":"28\/10\/2023 12:57:03"}
{"x":[0.000001,46.1646500566,13.0871023879],"error":0.2448569552,"datetime":"28\/10\/2023 12:57:03"}
{"x":[0.000001,44.9519664927,14.6685398265],"error":0.2448568475,"datetime":"28\/10\/2023 12:57:03"}
{"x":[0.000001,43.7173607898,16.1992527525],"error":0.2448567575,"datetime":"28\/10\/2023 12:57:03"}
{"x":[0.000001,42.7383767898,17.2794936443],"error":0.2448567177,"datetime":"28\/10\/2023 12:57:03"}
{"x":[0.000001,40.9816462869,19.3863350459],"error":0.2448566057,"datetime":"28\/10\/2023 12:57:03"}
{"x":[0.000001,41.1269591854,19.3508491345],"error":0.2448565827,"datetime":"28\/10\/2023 12:57:03"}
{"x":[0.000001,39.447728895,21.4387647167],"error":0.2448564584,"datetime":"28\/10\/2023 12:57:03"}
{"x":[0.000001,36.5260838615,24.9448955247],"error":0.2448562686,"datetime":"28\/10\/2023 12:57:03"}
{"x":[0.000001,33.2886428866,28.9027475378],"error":0.2448560382,"datetime":"28\/10\/2023 12:57:03"}
{"x":[0.000001,32.0946512559,30.2859787811],"error":0.2448559688,"datetime":"28\/10\/2023 12:57:03"}
{"x":[0.000001,28.2204147446,34.981554124],"error":0.2448556943,"datetime":"28\/10\/2023 12:57:03"}
{"x":[0.000001,26.3228780639,37.4957092065],"error":0.2448555134,"datetime":"28\/10\/2023 12:57:03"}
{"x":[0.000001,21.4366219896,43.53216726],"error":0.2448550866,"datetime":"28\/10\/2023 12:57:03"}
{"x":[0.000001,15.8493908522,50.1722145645],"error":0.2448545482,"datetime":"28\/10\/2023 12:57:03"}
{"x":[0.000001,7.9832781713,59.7500311805],"error":0.2448536755,"datetime":"28\/10\/2023 12:57:03"}
{"x":[0.000001,5.138233717,63.2730875052],"error":0.2448533354,"datetime":"28\/10\/2023 12:57:03"}
{"x":[0.000001,0.0,74.7298674943],"error":0.244851593,"datetime":"28\/10\/2023 12:57:03"}
{"x":[0.000001,0.0,83.6931564992],"error":0.2448496194,"datetime":"28\/10\/2023 12:57:03"}
{"x":[0.000001,0.0,99.9303572909],"error":0.2448461508,"datetime":"28\/10\/2023 12:57:03"}
{"x":[0.000001,0.0,100.0],"error":0.2448461362,"datetime":"28\/10\/2023 12:57:03"}
{"x":[0.000001,0.0,100.0],"error":0.2448461362,"datetime":"28\/10\/2023 12:57:03"}
{"x":[0.000001,0.0,100.0],"error":0.2448461362,"datetime":"28\/10\/2023 12:57:03"}
{"x":[0.000001,0.0,100.0],"error":0.2448461362,"datetime":"28\/10\/2023 12:57:03"}
{"x":[0.000001,0.0,100.0],"error":0.2448461362,"datetime":"28\/10\/2023 12:57:03"}
{"x":[0.000001,0.0,100.0],"error":0.2448461362,"datetime":"28\/10\/2023 12:57:03"}
