{"raw_weights":{},"x0":[28.0075969829,23.0573354901,12.1719701359],"x_description":["k1","k-1","k2"],"bounds":[[0.000001,100],[0,50],[0.000001,100]],"maxiter":50000,"datetime":"28\/10\/2023 12:57:00"}
