{"raw_weights":{},"x0":[5,5,5],"x_description":["k1","k-1","k2"],"bounds":[[0.000000001,100],[0,100],[0.000000001,100]],"maxiter":10000,"datetime":"31\/10\/2023 11:57:53"}
