{"x":[42.0378801525,46.2934672408,27.386999516],"error":0.9251696801,"datetime":"28\/10\/2023 12:56:59"}
{"x":[44.1397741602,46.2934672408,27.386999516],"error":0.9253008555,"datetime":"28\/10\/2023 12:56:59"}
{"x":[42.0378801525,48.6081406029,27.386999516],"error":0.9250834192,"datetime":"28\/10\/2023 12:57:00"}
{"x":[42.0378801525,46.2934672408,28.7563494918],"error":0.9252784589,"datetime":"28\/10\/2023 12:57:00"}
{"x":[39.9359861449,47.8365828155,28.2998994998],"error":0.925042811,"datetime":"28\/10\/2023 12:57:00"}
{"x":[38.5347234732,48.3509546738,28.6041994944],"error":0.9249431786,"datetime":"28\/10\/2023 12:57:00"}
{"x":[39.7024423663,49.2082411041,26.8291161925],"error":0.9248403863,"datetime":"28\/10\/2023 12:57:00"}
{"x":[38.9239631042,50.0,26.1867050927],"error":0.9246816893,"datetime":"28\/10\/2023 12:57:00"}
{"x":[37.6264976674,50.0,27.3982698861],"error":0.9246932013,"datetime":"28\/10\/2023 12:57:01"}
{"x":[34.6855760106,50.0,27.4057834662],"error":0.9244196594,"datetime":"28\/10\/2023 12:57:01"}
{"x":[32.2348079633,50.0,27.412044783],"error":0.9241534628,"datetime":"28\/10\/2023 12:57:01"}
{"x":[33.9887890168,50.0,25.3938136801],"error":0.9241196398,"datetime":"28\/10\/2023 12:57:01"}
{"x":[32.4734775313,50.0,24.3236850754],"error":0.9238017945,"datetime":"28\/10\/2023 12:57:01"}
{"x":[31.4616680652,50.0,24.5500200813],"error":0.9237030294,"datetime":"28\/10\/2023 12:57:01"}
{"x":[29.4067248645,50.0,23.6006034796],"error":0.9232659765,"datetime":"28\/10\/2023 12:57:01"}
{"x":[23.8193771352,50.0,24.0375171326],"error":0.9222724477,"datetime":"28\/10\/2023 12:57:02"}
{"x":[18.7845151455,50.0,23.3211211459],"error":0.9205842857,"datetime":"28\/10\/2023 12:57:02"}
{"x":[21.5416703976,50.0,20.0848950176],"error":0.9207129155,"datetime":"28\/10\/2023 12:57:02"}
{"x":[14.015129407,50.0,20.3473946867],"error":0.9161737249,"datetime":"28\/10\/2023 12:57:02"}
{"x":[7.8623466989,50.0,19.0219645572],"error":0.8771001195,"datetime":"28\/10\/2023 12:57:02"}
{"x":[2.7189632969,50.0,18.0180503342],"error":0.4863778427,"datetime":"28\/10\/2023 12:57:02"}
{"x":[0.000001,50.0,16.1571992857],"error":0.2448555567,"datetime":"28\/10\/2023 12:57:02"}
{"x":[0.000001,50.0,18.9152949749],"error":0.2448550957,"datetime":"28\/10\/2023 12:57:02"}
{"x":[0.000001,50.0,18.525428294],"error":0.2448551575,"datetime":"28\/10\/2023 12:57:02"}
{"x":[0.000001,50.0,12.7418513993],"error":0.2448562151,"datetime":"28\/10\/2023 12:57:02"}
{"x":[0.000001,50.0,12.8542658827],"error":0.2448561918,"datetime":"28\/10\/2023 12:57:02"}
{"x":[0.000001,50.0,19.2093220296],"error":0.2448550497,"datetime":"28\/10\/2023 12:57:02"}
{"x":[0.000001,50.0,21.365145573],"error":0.2448546854,"datetime":"28\/10\/2023 12:57:02"}
{"x":[0.000001,50.0,24.7708273397],"error":0.2448540969,"datetime":"28\/10\/2023 12:57:02"}
{"x":[0.000001,50.0,28.743014492],"error":0.2448534409,"datetime":"28\/10\/2023 12:57:02"}
{"x":[0.000001,50.0,29.8584374076],"error":0.2448532612,"datetime":"28\/10\/2023 12:57:02"}
{"x":[0.000001,50.0,34.4255167816],"error":0.244852535,"datetime":"28\/10\/2023 12:57:02"}
{"x":[0.000001,50.0,37.4404895895],"error":0.2448520618,"datetime":"28\/10\/2023 12:57:02"}
{"x":[0.000001,50.0,43.615554461],"error":0.2448510985,"datetime":"28\/10\/2023 12:57:02"}
{"x":[0.000001,50.0,49.8242449168],"error":0.2448501335,"datetime":"28\/10\/2023 12:57:02"}
{"x":[0.000001,50.0,59.3106113647],"error":0.2448483364,"datetime":"28\/10\/2023 12:57:03"}
{"x":[0.000001,50.0,62.8247739129],"error":0.2448476304,"datetime":"28\/10\/2023 12:57:03"}
{"x":[0.000001,50.0,74.1853603865],"error":0.2448452949,"datetime":"28\/10\/2023 12:57:03"}
{"x":[0.000001,50.0,83.6488340265],"error":0.2448433304,"datetime":"28\/10\/2023 12:57:03"}
{"x":[0.000001,50.0,100.0],"error":0.2448400171,"datetime":"28\/10\/2023 12:57:03"}
{"x":[0.000001,50.0,100.0],"error":0.2448400171,"datetime":"28\/10\/2023 12:57:03"}
{"x":[0.000001,50.0,100.0],"error":0.2448400171,"datetime":"28\/10\/2023 12:57:03"}
{"x":[0.000001,50.0,100.0],"error":0.2448400171,"datetime":"28\/10\/2023 12:57:03"}
{"x":[0.000001,50.0,100.0],"error":0.2448400171,"datetime":"28\/10\/2023 12:57:03"}
