{"raw_weights":{},"x0":[42.0378801525,46.2934672408,27.386999516],"x_description":["k1","k-1","k2"],"bounds":[[0.000001,100],[0,50],[0.000001,100]],"maxiter":50000,"datetime":"28\/10\/2023 12:56:59"}
