{"x":[23.5798812455,21.4553499333,9.2273025631],"error":0.9207108272,"datetime":"28\/10\/2023 12:57:07"}
{"x":[24.7588753077,21.4553499333,9.2273025631],"error":0.9210084998,"datetime":"28\/10\/2023 12:57:07"}
{"x":[23.5798812455,22.52811743,9.2273025631],"error":0.9204919657,"datetime":"28\/10\/2023 12:57:07"}
{"x":[23.5798812455,21.4553499333,9.6886676912],"error":0.9209979849,"datetime":"28\/10\/2023 12:57:07"}
{"x":[22.4008871832,22.1705282644,9.5348793152],"error":0.9204341674,"datetime":"28\/10\/2023 12:57:07"}
{"x":[21.6148911417,22.4089210414,9.6374048992],"error":0.9202087115,"datetime":"28\/10\/2023 12:57:07"}
{"x":[22.2698878429,22.8062423365,9.0393389923],"error":0.919902218,"datetime":"28\/10\/2023 12:57:08"}
{"x":[21.8332233754,23.2565398042,8.8228960927],"error":0.9194709356,"datetime":"28\/10\/2023 12:57:08"}
{"x":[21.1054492629,24.0070355838,9.2310998069],"error":0.9193599684,"datetime":"28\/10\/2023 12:57:08"}
{"x":[20.2806386021,24.8575974673,9.2323655549],"error":0.9188003846,"datetime":"28\/10\/2023 12:57:08"}
{"x":[18.9059541673,24.4872547787,9.2344751348],"error":0.9182276615,"datetime":"28\/10\/2023 12:57:08"}
{"x":[17.3479784746,25.1403005616,9.236865992],"error":0.9169958587,"datetime":"28\/10\/2023 12:57:08"}
{"x":[18.0263358264,26.4273708473,8.5573468605],"error":0.9159819074,"datetime":"28\/10\/2023 12:57:09"}
{"x":[16.8301507213,27.7668541159,8.1973275143],"error":0.912953964,"datetime":"28\/10\/2023 12:57:09"}
{"x":[14.4726218232,28.5866282923,8.9548099481],"error":0.910066527,"datetime":"28\/10\/2023 12:57:09"}
{"x":[12.0190879725,30.363324455,8.9987812332],"error":0.8972666108,"datetime":"28\/10\/2023 12:57:09"}
{"x":[10.5175061768,30.6560552877,8.3896176048],"error":0.8748266642,"datetime":"28\/10\/2023 12:57:09"}
{"x":[7.2631287018,32.5888745612,8.1087016215],"error":0.7676954062,"datetime":"28\/10\/2023 12:57:09"}
{"x":[6.7269331224,35.3390681932,7.6330075873],"error":0.6942266831,"datetime":"28\/10\/2023 12:57:09"}
{"x":[3.1865846717,38.7386574037,7.0983881191],"error":0.3086145519,"datetime":"28\/10\/2023 12:57:09"}
{"x":[0.000001,40.027050164,7.9399198016],"error":0.2448604377,"datetime":"28\/10\/2023 12:57:09"}
{"x":[0.000001,44.1137821801,7.8541172307],"error":0.2448590461,"datetime":"28\/10\/2023 12:57:09"}
{"x":[0.000001,46.5975516417,6.3753567476],"error":0.2448587589,"datetime":"28\/10\/2023 12:57:09"}
{"x":[0.000001,50.0,5.5008819191],"error":0.2448580254,"datetime":"28\/10\/2023 12:57:09"}
{"x":[0.000001,50.0,5.5268898911],"error":0.2448580176,"datetime":"28\/10\/2023 12:57:09"}
{"x":[0.000001,50.0,4.6662859809],"error":0.2448582792,"datetime":"28\/10\/2023 12:57:09"}
{"x":[0.000001,50.0,5.4895379081],"error":0.2448580288,"datetime":"28\/10\/2023 12:57:09"}
{"x":[0.000001,50.0,3.1574225815],"error":0.2448587666,"datetime":"28\/10\/2023 12:57:10"}
{"x":[0.000001,50.0,4.1359006334],"error":0.2448584463,"datetime":"28\/10\/2023 12:57:10"}
{"x":[0.000001,50.0,6.8756391788],"error":0.2448576299,"datetime":"28\/10\/2023 12:57:10"}
{"x":[0.000001,50.0,7.7888853605],"error":0.244857382,"datetime":"28\/10\/2023 12:57:10"}
{"x":[0.000001,50.0,7.0549002057],"error":0.2448575804,"datetime":"28\/10\/2023 12:57:10"}
{"x":[0.000001,50.0,8.0795683858],"error":0.2448573054,"datetime":"28\/10\/2023 12:57:10"}
{"x":[0.000001,50.0,8.9391305413],"error":0.2448570853,"datetime":"28\/10\/2023 12:57:10"}
{"x":[0.000001,50.0,10.328387514],"error":0.2448567486,"datetime":"28\/10\/2023 12:57:10"}
{"x":[0.000001,50.0,11.9288867216],"error":0.2448563878,"datetime":"28\/10\/2023 12:57:10"}
{"x":[0.000001,50.0,12.0497015433],"error":0.2448563617,"datetime":"28\/10\/2023 12:57:10"}
{"x":[0.000001,50.0,13.7146353225],"error":0.2448560169,"datetime":"28\/10\/2023 12:57:10"}
{"x":[0.000001,50.0,15.2662163631],"error":0.2448557186,"datetime":"28\/10\/2023 12:57:10"}
{"x":[0.000001,50.0,17.7586600306],"error":0.2448552823,"datetime":"28\/10\/2023 12:57:10"}
{"x":[0.000001,50.0,19.9956575085],"error":0.2448549302,"datetime":"28\/10\/2023 12:57:10"}
{"x":[0.000001,50.0,23.6811664975],"error":0.244854282,"datetime":"28\/10\/2023 12:57:10"}
{"x":[0.000001,50.0,24.8407545122],"error":0.2448540851,"datetime":"28\/10\/2023 12:57:10"}
{"x":[0.000001,50.0,29.1447104423],"error":0.2448533761,"datetime":"28\/10\/2023 12:57:10"}
{"x":[0.000001,50.0,33.3417226578],"error":0.2448527061,"datetime":"28\/10\/2023 12:57:10"}
{"x":[0.000001,50.0,39.8840851029],"error":0.24485168,"datetime":"28\/10\/2023 12:57:10"}
{"x":[0.000001,50.0,44.0479813312],"error":0.2448510314,"datetime":"28\/10\/2023 12:57:10"}
{"x":[0.000001,50.0,52.8110884314],"error":0.2448496085,"datetime":"28\/10\/2023 12:57:10"}
{"x":[0.000001,50.0,57.5454228203],"error":0.2448486862,"datetime":"28\/10\/2023 12:57:10"}
{"x":[0.000001,50.0,68.8335082612],"error":0.2448464026,"datetime":"28\/10\/2023 12:57:10"}
{"x":[0.000001,50.0,78.5410774214],"error":0.24484439,"datetime":"28\/10\/2023 12:57:10"}
{"x":[0.000001,50.0,95.006533081],"error":0.2448410109,"datetime":"28\/10\/2023 12:57:10"}
{"x":[0.000001,50.0,100.0],"error":0.2448400171,"datetime":"28\/10\/2023 12:57:10"}
{"x":[0.000001,50.0,100.0],"error":0.2448400171,"datetime":"28\/10\/2023 12:57:10"}
{"x":[0.000001,50.0,100.0],"error":0.2448400171,"datetime":"28\/10\/2023 12:57:10"}
{"x":[0.000001,50.0,100.0],"error":0.2448400171,"datetime":"28\/10\/2023 12:57:10"}
{"x":[0.000001,50.0,100.0],"error":0.2448400171,"datetime":"28\/10\/2023 12:57:10"}
{"x":[0.000001,50.0,100.0],"error":0.2448400171,"datetime":"28\/10\/2023 12:57:10"}
