{"raw_weights":{},"x0":[23.5798812455,21.4553499333,9.2273025631],"x_description":["k1","k-1","k2"],"bounds":[[0.000001,100],[0,50],[0.000001,100]],"maxiter":50000,"datetime":"28\/10\/2023 12:57:07"}
