{"x":[32.6972283336,49.3638421669,31.8710845298],"error":0.9246483049,"datetime":"28\/10\/2023 12:56:53"}
{"x":[34.3320897503,49.3638421669,31.8710845298],"error":0.9248079883,"datetime":"28\/10\/2023 12:56:53"}
{"x":[32.6972283336,50.0,31.8710845298],"error":0.9246221184,"datetime":"28\/10\/2023 12:56:53"}
{"x":[32.6972283336,49.3638421669,33.4646387563],"error":0.924768471,"datetime":"28\/10\/2023 12:56:54"}
{"x":[31.0623669169,49.787947389,32.9334540142],"error":0.9245389108,"datetime":"28\/10\/2023 12:56:54"}
{"x":[29.9724593058,49.9293157963,33.2875771756],"error":0.9244344277,"datetime":"28\/10\/2023 12:56:54"}
{"x":[30.8807156484,50.0,31.2218587339],"error":0.9243676031,"datetime":"28\/10\/2023 12:56:54"}
{"x":[30.27521142,50.0,30.474265393],"error":0.9242269339,"datetime":"28\/10\/2023 12:56:54"}
{"x":[29.266037706,50.0,31.8842002025],"error":0.9242267853,"datetime":"28\/10\/2023 12:56:54"}
{"x":[28.1223074968,50.0,31.8885720934],"error":0.9240734831,"datetime":"28\/10\/2023 12:56:55"}
{"x":[26.2160904815,49.9528771975,31.8958585782],"error":0.9237905666,"datetime":"28\/10\/2023 12:56:55"}
{"x":[24.0557111974,49.9371695967,31.9041165943],"error":0.9234134163,"datetime":"28\/10\/2023 12:56:55"}
{"x":[24.9963607703,50.0,29.5570588782],"error":0.9233291747,"datetime":"28\/10\/2023 12:56:55"}
{"x":[23.3376612585,50.0,28.313552779],"error":0.9228380913,"datetime":"28\/10\/2023 12:56:55"}
{"x":[20.0685752152,49.9581130645,30.9298955848],"error":0.9223758417,"datetime":"28\/10\/2023 12:56:55"}
{"x":[16.6663631469,49.9441507526,31.0817723153],"error":0.9212434604,"datetime":"28\/10\/2023 12:56:55"}
{"x":[14.5841829051,49.9208802329,28.9777223657],"error":0.919840301,"datetime":"28\/10\/2023 12:56:56"}
{"x":[10.0714747079,49.8945069772,28.0074391232],"error":0.9142056772,"datetime":"28\/10\/2023 12:56:56"}
{"x":[9.3279548781,49.9552688899,26.3643928841],"error":0.9105767017,"datetime":"28\/10\/2023 12:56:56"}
{"x":[4.4187027717,49.9613019876,24.517818314],"error":0.7886599437,"datetime":"28\/10\/2023 12:56:56"}
{"x":[0.000001,49.8666398116,27.424467056],"error":0.2448536754,"datetime":"28\/10\/2023 12:56:56"}
{"x":[0.000001,49.8221864155,27.1281051483],"error":0.2448537306,"datetime":"28\/10\/2023 12:56:56"}
{"x":[0.000001,49.8708150983,22.2180440135],"error":0.2448545557,"datetime":"28\/10\/2023 12:56:56"}
{"x":[0.000001,49.9046642878,21.4327804658],"error":0.244854689,"datetime":"28\/10\/2023 12:56:56"}
{"x":[0.000001,49.8001108109,22.8657093761],"error":0.2448544537,"datetime":"28\/10\/2023 12:56:56"}
{"x":[0.000001,49.7870461928,26.9060331646],"error":0.2448537724,"datetime":"28\/10\/2023 12:56:56"}
{"x":[0.000001,49.7650494452,29.2460957177],"error":0.2448533925,"datetime":"28\/10\/2023 12:56:56"}
{"x":[0.000001,49.7297942276,31.5887796191],"error":0.2448530206,"datetime":"28\/10\/2023 12:56:56"}
{"x":[0.000001,49.7888760104,34.413810517],"error":0.2448525644,"datetime":"28\/10\/2023 12:56:56"}
{"x":[0.000001,49.7851310769,38.2631775639],"error":0.2448519599,"datetime":"28\/10\/2023 12:56:56"}
{"x":[0.000001,49.8006638846,37.9449163281],"error":0.2448520079,"datetime":"28\/10\/2023 12:56:56"}
{"x":[0.000001,49.6770863144,44.4401152847],"error":0.244851009,"datetime":"28\/10\/2023 12:56:56"}
{"x":[0.000001,49.6139018154,50.1119980276],"error":0.2448501336,"datetime":"28\/10\/2023 12:56:56"}
{"x":[0.000001,49.7366702904,52.624614994],"error":0.244849681,"datetime":"28\/10\/2023 12:56:56"}
{"x":[0.000001,49.7389623113,59.636560119],"error":0.2448483084,"datetime":"28\/10\/2023 12:56:56"}
{"x":[0.000001,49.6246662511,60.7295741456],"error":0.244848106,"datetime":"28\/10\/2023 12:56:56"}
{"x":[0.000001,49.5660003733,68.3244600848],"error":0.2448465691,"datetime":"28\/10\/2023 12:56:56"}
{"x":[0.000001,49.4941119231,80.4521679237],"error":0.2448440636,"datetime":"28\/10\/2023 12:56:56"}
{"x":[0.000001,49.3971055385,94.5151647103],"error":0.2448411898,"datetime":"28\/10\/2023 12:56:56"}
{"x":[0.000001,49.5208103334,98.2054585817],"error":0.2448404345,"datetime":"28\/10\/2023 12:56:56"}
{"x":[0.000001,49.4897798394,100.0],"error":0.2448400832,"datetime":"28\/10\/2023 12:56:56"}
{"x":[0.000001,49.2296281894,100.0],"error":0.244840117,"datetime":"28\/10\/2023 12:56:56"}
{"x":[0.000001,49.1783420049,100.0],"error":0.2448401236,"datetime":"28\/10\/2023 12:56:56"}
{"x":[0.000001,49.201394484,100.0],"error":0.2448401206,"datetime":"28\/10\/2023 12:56:56"}
{"x":[0.000001,49.435526337,100.0],"error":0.2448400903,"datetime":"28\/10\/2023 12:56:56"}
{"x":[0.000001,49.5685617599,100.0],"error":0.244840073,"datetime":"28\/10\/2023 12:56:56"}
{"x":[0.000001,49.6909508518,100.0],"error":0.2448400571,"datetime":"28\/10\/2023 12:56:57"}
{"x":[0.000001,49.847876496,100.0],"error":0.2448400368,"datetime":"28\/10\/2023 12:56:57"}
{"x":[0.000001,50.0,100.0],"error":0.2448400171,"datetime":"28\/10\/2023 12:56:57"}
{"x":[0.000001,50.0,100.0],"error":0.2448400171,"datetime":"28\/10\/2023 12:56:57"}
{"x":[0.000001,50.0,100.0],"error":0.2448400171,"datetime":"28\/10\/2023 12:56:57"}
{"x":[0.000001,50.0,100.0],"error":0.2448400171,"datetime":"28\/10\/2023 12:56:57"}
{"x":[0.000001,50.0,100.0],"error":0.2448400171,"datetime":"28\/10\/2023 12:56:57"}
