{"raw_weights":{},"x0":[32.6972283336,49.3638421669,31.8710845298],"x_description":["k1","k-1","k2"],"bounds":[[0.000001,100],[0,50],[0.000001,100]],"maxiter":50000,"datetime":"28\/10\/2023 12:56:49"}
