{"x":[90.3171811883,3.3839131181,67.2730817373],"error":0.9276634103,"datetime":"28\/10\/2023 12:57:07"}
{"x":[94.8330402477,3.3839131181,67.2730817373],"error":0.9276834274,"datetime":"28\/10\/2023 12:57:07"}
{"x":[90.3171811883,3.553108774,67.2730817373],"error":0.9276623735,"datetime":"28\/10\/2023 12:57:07"}
{"x":[90.3171811883,3.3839131181,70.6367358242],"error":0.9276718295,"datetime":"28\/10\/2023 12:57:07"}
{"x":[85.8013221289,3.496710222,69.5155177952],"error":0.9276462134,"datetime":"28\/10\/2023 12:57:07"}
{"x":[82.7907494226,3.5343092567,70.2629964812],"error":0.927631552,"datetime":"28\/10\/2023 12:57:08"}
{"x":[85.2995600112,3.5969743144,65.9027041464],"error":0.9276331525,"datetime":"28\/10\/2023 12:57:08"}
{"x":[81.9544792264,3.739015112,68.3527731726],"error":0.9276204006,"datetime":"28\/10\/2023 12:57:08"}
{"x":[79.1669119058,3.8573824432,68.7126703177],"error":0.9276037377,"datetime":"28\/10\/2023 12:57:08"}
{"x":[74.5209663714,3.7726685689,69.3124988929],"error":0.9275748964,"datetime":"28\/10\/2023 12:57:08"}
{"x":[69.2555614325,3.8458551672,69.9923046114],"error":0.9275355137,"datetime":"28\/10\/2023 12:57:08"}
{"x":[68.8425884961,3.894723597,73.4092767938],"error":0.9275408885,"datetime":"28\/10\/2023 12:57:08"}
{"x":[62.0526251336,4.1976648816,71.1465046674],"error":0.9274678431,"datetime":"28\/10\/2023 12:57:09"}
{"x":[55.1399170373,4.4187834233,71.4410073961],"error":0.9273829501,"datetime":"28\/10\/2023 12:57:09"}
{"x":[49.6584660714,4.2488590151,74.5157222165],"error":0.9273101183,"datetime":"28\/10\/2023 12:57:09"}
{"x":[39.8223174599,4.3793512057,76.4500728494],"error":0.9271026617,"datetime":"28\/10\/2023 12:57:09"}
{"x":[40.6359421237,4.5346029338,71.8463131108],"error":0.9271068381,"datetime":"28\/10\/2023 12:57:09"}
{"x":[21.1432229815,5.0426365413,76.4992909596],"error":0.9261067888,"datetime":"28\/10\/2023 12:57:09"}
{"x":[5.1057768312,5.441563666,78.668286409],"error":0.9191262501,"datetime":"28\/10\/2023 12:57:09"}
{"x":[1.9027739059,5.1515617803,79.8687741834],"error":0.8490822619,"datetime":"28\/10\/2023 12:57:10"}
{"x":[0.000001,5.3958212327,82.6780297791],"error":0.24484917,"datetime":"28\/10\/2023 12:57:10"}
{"x":[0.000001,5.6098878025,86.6846129142],"error":0.2448482912,"datetime":"28\/10\/2023 12:57:10"}
{"x":[0.000001,5.968316092,91.6307128486],"error":0.2448472028,"datetime":"28\/10\/2023 12:57:10"}
{"x":[0.000001,6.8244494548,92.2012798417],"error":0.2448469828,"datetime":"28\/10\/2023 12:57:10"}
{"x":[0.000001,7.6394822045,97.4516821724],"error":0.2448457858,"datetime":"28\/10\/2023 12:57:10"}
{"x":[0.000001,7.2275160202,100.0],"error":0.2448453015,"datetime":"28\/10\/2023 12:57:10"}
{"x":[0.000001,7.8228334716,100.0],"error":0.2448452326,"datetime":"28\/10\/2023 12:57:10"}
{"x":[0.000001,8.8912666127,100.0],"error":0.2448451086,"datetime":"28\/10\/2023 12:57:10"}
{"x":[0.000001,10.0564150727,100.0],"error":0.244844973,"datetime":"28\/10\/2023 12:57:10"}
{"x":[0.000001,11.0441710738,100.0],"error":0.2448448577,"datetime":"28\/10\/2023 12:57:10"}
{"x":[0.000001,12.7361227344,100.0],"error":0.2448446596,"datetime":"28\/10\/2023 12:57:10"}
{"x":[0.000001,12.7707653146,100.0],"error":0.2448446555,"datetime":"28\/10\/2023 12:57:10"}
{"x":[0.000001,14.481193018,100.0],"error":0.2448444541,"datetime":"28\/10\/2023 12:57:10"}
{"x":[0.000001,17.0263204118,100.0],"error":0.2448441523,"datetime":"28\/10\/2023 12:57:10"}
{"x":[0.000001,20.0941493919,100.0],"error":0.2448437848,"datetime":"28\/10\/2023 12:57:10"}
{"x":[0.000001,21.4845616902,100.0],"error":0.2448436168,"datetime":"28\/10\/2023 12:57:10"}
{"x":[0.000001,25.293943896,100.0],"error":0.2448431524,"datetime":"28\/10\/2023 12:57:10"}
{"x":[0.000001,27.1767348029,100.0],"error":0.2448429205,"datetime":"28\/10\/2023 12:57:10"}
{"x":[0.000001,31.990272159,100.0],"error":0.2448423212,"datetime":"28\/10\/2023 12:57:10"}
{"x":[0.000001,37.1043839467,100.0],"error":0.2448416757,"datetime":"28\/10\/2023 12:57:10"}
{"x":[0.000001,44.6454475895,100.0],"error":0.2448407099,"datetime":"28\/10\/2023 12:57:10"}
{"x":[0.000001,47.8589597044,100.0],"error":0.2448402946,"datetime":"28\/10\/2023 12:57:10"}
{"x":[0.000001,50.0,100.0],"error":0.2448400171,"datetime":"28\/10\/2023 12:57:10"}
{"x":[0.000001,50.0,100.0],"error":0.2448400171,"datetime":"28\/10\/2023 12:57:10"}
{"x":[0.000001,50.0,100.0],"error":0.2448400171,"datetime":"28\/10\/2023 12:57:10"}
{"x":[0.000001,50.0,100.0],"error":0.2448400171,"datetime":"28\/10\/2023 12:57:10"}
{"x":[0.000001,50.0,100.0],"error":0.2448400171,"datetime":"28\/10\/2023 12:57:10"}
{"x":[0.000001,50.0,100.0],"error":0.2448400171,"datetime":"28\/10\/2023 12:57:10"}
{"x":[0.000001,50.0,100.0],"error":0.2448400171,"datetime":"28\/10\/2023 12:57:10"}
{"x":[0.000001,46.430298393,100.0],"error":0.2448404794,"datetime":"28\/10\/2023 12:57:10"}
{"x":[0.000001,50.0,100.0],"error":0.2448400171,"datetime":"28\/10\/2023 12:57:10"}
