{"raw_weights":{},"x0":[90.3171811883,3.3839131181,67.2730817373],"x_description":["k1","k-1","k2"],"bounds":[[0.000001,100],[0,50],[0.000001,100]],"maxiter":50000,"datetime":"28\/10\/2023 12:57:07"}
