{"raw_weights":{"label_":1,"isomer_":0.5,"TIC":0.1,"iso_F":0.25},"x0":[0.0,0.0,0.0,285.80138,53.930702,383.368881,0.0,0.0,0.0,0.0,0.0,0.0,434.947552,974.186193,897.677608,0.410972,0.644027,0.510573,676.689352,60.802713,555.596117,271.451605,879.651173,64.214437,0.01],"x_description":["k-1_D","k-1_E","k-1_F","k-2_D","k-2_E","k-2_F","k-3_D","k-3_E","k-3_F","k-4_D","k-4_E","k-4_F","k1_D","k1_E","k1_F","k2_D","k2_E","k2_F","k3_D","k3_E","k3_F","k4_D","k4_E","k4_F","ion"],"bounds":[[0.0,0.0],[0.0,0.0],[0.0,0.0],[0.0,1000.0],[0.0,1000.0],[0.0,1000.0],[0.0,0.0],[0.0,0.0],[0.0,0.0],[0.0,0.0],[0.0,0.0],[0.0,0.0],[0.000001,1000.0],[0.000001,1000.0],[0.000001,1000.0],[0.3789,0.453],[0.5227,0.8002],[0.2763,1.192],[0.000001,1000.0],[0.000001,1000.0],[0.000001,1000.0],[0.000001,1000.0],[0.000001,1000.0],[0.000001,1000.0],[0.000001,1.0]],"maxiter":200,"datetime":"27\/10\/2023 21:48:19"}
