{"x":[74.1801997225,37.683440856,46.5180543578],"error":0.9270734954,"datetime":"28\/10\/2023 12:57:16"}
{"x":[77.8892097086,37.683440856,46.5180543578],"error":0.9271213266,"datetime":"28\/10\/2023 12:57:16"}
{"x":[74.1801997225,39.5676128988,46.5180543578],"error":0.9270509372,"datetime":"28\/10\/2023 12:57:17"}
{"x":[74.1801997225,37.683440856,48.8439570757],"error":0.9271089058,"datetime":"28\/10\/2023 12:57:17"}
{"x":[70.4711897363,38.9395555512,48.0686561697],"error":0.9270300439,"datetime":"28\/10\/2023 12:57:17"}
{"x":[67.9985164122,39.3582604496,48.5855234403],"error":0.9269945125,"datetime":"28\/10\/2023 12:57:17"}
{"x":[70.0590775157,40.0561019469,45.5704643616],"error":0.9269671988,"datetime":"28\/10\/2023 12:57:17"}
{"x":[68.6853701134,40.8469889772,44.4793001236],"error":0.9269135412,"datetime":"28\/10\/2023 12:57:17"}
{"x":[66.3958577763,42.1651340277,46.53719759],"error":0.9268951467,"datetime":"28\/10\/2023 12:57:18"}
{"x":[63.8010771275,43.6590317517,46.5435786674],"error":0.9268256416,"datetime":"28\/10\/2023 12:57:18"}
{"x":[59.476442713,43.0085745535,46.5542137965],"error":0.9267433431,"datetime":"28\/10\/2023 12:57:18"}
{"x":[54.5751903765,44.1555617718,46.5662669427],"error":0.9266027802,"datetime":"28\/10\/2023 12:57:18"}
{"x":[56.7092419994,46.4161278842,43.1405737155],"error":0.9265396853,"datetime":"28\/10\/2023 12:57:18"}
{"x":[52.9461505284,48.7687503624,41.3255904738],"error":0.9263315457,"datetime":"28\/10\/2023 12:57:18"}
{"x":[45.5295752416,50.0,45.1443239324],"error":0.9261451651,"datetime":"28\/10\/2023 12:57:18"}
{"x":[37.810976951,50.0,45.3659985353],"error":0.9257507204,"datetime":"28\/10\/2023 12:57:18"}
{"x":[33.0871347764,50.0,42.2949919671],"error":0.9252834068,"datetime":"28\/10\/2023 12:57:19"}
{"x":[22.8491539927,50.0,40.8787964004],"error":0.9239245741,"datetime":"28\/10\/2023 12:57:19"}
{"x":[21.1623306049,50.0,38.4806566637],"error":0.9234113892,"datetime":"28\/10\/2023 12:57:19"}
{"x":[10.024710681,50.0,35.7854532373],"error":0.9171670283,"datetime":"28\/10\/2023 12:57:19"}
{"x":[0.000001,50.0,40.0279083082],"error":0.2448516576,"datetime":"28\/10\/2023 12:57:19"}
{"x":[0.000001,50.0,39.5953475863],"error":0.2448517249,"datetime":"28\/10\/2023 12:57:19"}
{"x":[0.000001,50.0,32.4287734286],"error":0.2448528505,"datetime":"28\/10\/2023 12:57:19"}
{"x":[0.000001,50.0,31.2826269157],"error":0.244853033,"datetime":"28\/10\/2023 12:57:19"}
{"x":[0.000001,50.0,33.3740858643],"error":0.244852701,"datetime":"28\/10\/2023 12:57:19"}
{"x":[0.000001,50.0,39.2712181517],"error":0.2448517754,"datetime":"28\/10\/2023 12:57:19"}
{"x":[0.000001,50.0,42.6867014542],"error":0.2448512429,"datetime":"28\/10\/2023 12:57:19"}
{"x":[0.000001,50.0,46.1060107961],"error":0.2448507112,"datetime":"28\/10\/2023 12:57:19"}
{"x":[0.000001,50.0,50.229338973],"error":0.2448500706,"datetime":"28\/10\/2023 12:57:19"}
{"x":[0.000001,50.0,55.8477566759],"error":0.2448490203,"datetime":"28\/10\/2023 12:57:19"}
{"x":[0.000001,50.0,55.3832323684],"error":0.244849111,"datetime":"28\/10\/2023 12:57:19"}
{"x":[0.000001,50.0,64.8634249187],"error":0.2448472162,"datetime":"28\/10\/2023 12:57:19"}
{"x":[0.000001,50.0,73.1419304556],"error":0.2448455113,"datetime":"28\/10\/2023 12:57:19"}
{"x":[0.000001,50.0,76.8092688705],"error":0.24484475,"datetime":"28\/10\/2023 12:57:19"}
{"x":[0.000001,50.0,87.0436882286],"error":0.2448426306,"datetime":"28\/10\/2023 12:57:19"}
{"x":[0.000001,50.0,88.6390178717],"error":0.2448423033,"datetime":"28\/10\/2023 12:57:19"}
{"x":[0.000001,50.0,99.7242797061],"error":0.2448400714,"datetime":"28\/10\/2023 12:57:19"}
{"x":[0.000001,50.0,100.0],"error":0.2448400171,"datetime":"28\/10\/2023 12:57:19"}
{"x":[0.000001,50.0,100.0],"error":0.2448400171,"datetime":"28\/10\/2023 12:57:19"}
{"x":[0.000001,50.0,100.0],"error":0.2448400171,"datetime":"28\/10\/2023 12:57:19"}
{"x":[0.000001,50.0,100.0],"error":0.2448400171,"datetime":"28\/10\/2023 12:57:19"}
{"x":[0.000001,50.0,100.0],"error":0.2448400171,"datetime":"28\/10\/2023 12:57:19"}
{"x":[0.000001,50.0,100.0],"error":0.2448400171,"datetime":"28\/10\/2023 12:57:19"}
