{"raw_weights":{},"x0":[74.1801997225,37.683440856,46.5180543578],"x_description":["k1","k-1","k2"],"bounds":[[0.000001,100],[0,50],[0.000001,100]],"maxiter":50000,"datetime":"28\/10\/2023 12:57:16"}
