{"x":[56.691684321,21.5372072745,9.4073834521],"error":0.9244009942,"datetime":"28\/10\/2023 12:56:57"}
{"x":[59.5262685371,21.5372072745,9.4073834521],"error":0.9245242457,"datetime":"28\/10\/2023 12:56:57"}
{"x":[56.691684321,22.6140676382,9.4073834521],"error":0.9243118628,"datetime":"28\/10\/2023 12:56:57"}
{"x":[56.691684321,21.5372072745,9.8777526247],"error":0.924558621,"datetime":"28\/10\/2023 12:56:57"}
{"x":[58.5814071317,22.2551141837,8.9370142795],"error":0.9242526648,"datetime":"28\/10\/2023 12:56:57"}
{"x":[59.2113147353,22.4944164867,8.6234348311],"error":0.924134221,"datetime":"28\/10\/2023 12:56:58"}
{"x":[55.5368537145,22.8932536585,8.8847510381],"error":0.9240288479,"datetime":"28\/10\/2023 12:56:58"}
{"x":[54.2070487736,23.3452691198,8.7105402334],"error":0.9238418881,"datetime":"28\/10\/2023 12:56:58"}
{"x":[56.7150142323,24.098628222,8.4201888923],"error":0.9237767537,"datetime":"28\/10\/2023 12:56:58"}
{"x":[56.7227908693,24.9524352045,8.091124039],"error":0.9235346865,"datetime":"28\/10\/2023 12:56:58"}
{"x":[56.7357519311,24.5806795691,7.5426826169],"error":0.9232694487,"datetime":"28\/10\/2023 12:56:59"}
{"x":[56.7504411345,25.2362168793,6.9211156719],"error":0.9227965843,"datetime":"28\/10\/2023 12:56:59"}
{"x":[52.5755391164,26.528197649,7.1917517985],"error":0.9225506373,"datetime":"28\/10\/2023 12:56:59"}
{"x":[50.3636139101,27.8727913698,6.7145241209],"error":0.9218277816,"datetime":"28\/10\/2023 12:56:59"}
{"x":[55.017515169,28.6956931826,5.7739689878],"error":0.9211995592,"datetime":"28\/10\/2023 12:56:59"}
{"x":[55.2876706341,30.4791678702,4.795111906],"error":0.9195598159,"datetime":"28\/10\/2023 12:56:59"}
{"x":[51.5450262498,30.7730155418,4.1960437602],"error":0.917596812,"datetime":"28\/10\/2023 12:57:00"}
{"x":[49.8191047099,32.7132089875,2.8976836672],"error":0.9043624894,"datetime":"28\/10\/2023 12:57:00"}
{"x":[46.8964850349,35.4738952723,2.6837641242],"error":0.8879095862,"datetime":"28\/10\/2023 12:57:00"}
{"x":[43.6118330017,38.8864547367,1.2713136083],"error":0.5672443996,"datetime":"28\/10\/2023 12:57:00"}
{"x":[48.7821249871,40.1797630265,0.000001],"error":0.2436063547,"datetime":"28\/10\/2023 12:57:00"}
{"x":[48.2549620128,44.2820869121,0.000001],"error":0.2436018912,"datetime":"28\/10\/2023 12:57:00"}
{"x":[39.1695958488,46.775332554,0.000001],"error":0.2436297347,"datetime":"28\/10\/2023 12:57:00"}
{"x":[37.5384891989,50.0,0.000001],"error":0.243648786,"datetime":"28\/10\/2023 12:57:00"}
{"x":[39.6968650387,50.0,0.000001],"error":0.2436363936,"datetime":"28\/10\/2023 12:57:00"}
{"x":[47.2091260679,44.038279644,0.000001],"error":0.243603191,"datetime":"28\/10\/2023 12:57:01"}
{"x":[50.0589242477,40.0637994067,0.000001],"error":0.2436069465,"datetime":"28\/10\/2023 12:57:01"}
{"x":[57.8457457035,38.8141114212,0.000001],"error":0.2436210444,"datetime":"28\/10\/2023 12:57:01"}
{"x":[53.9548811504,40.4726991572,0.000001],"error":0.2436085471,"datetime":"28\/10\/2023 12:57:01"}
{"x":[43.0604604019,45.116744818,0.000001],"error":0.2436120859,"datetime":"28\/10\/2023 12:57:01"}
{"x":[51.6852101611,41.4402086699,0.000001],"error":0.2436043469,"datetime":"28\/10\/2023 12:57:01"}
{"x":[48.0406079136,46.4432507439,0.000001],"error":0.243602194,"datetime":"28\/10\/2023 12:57:01"}
{"x":[43.9845871684,48.4022028635,0.000001],"error":0.2436142573,"datetime":"28\/10\/2023 12:57:01"}
{"x":[50.0809137043,42.8906241269,0.000001],"error":0.2436017495,"datetime":"28\/10\/2023 12:57:01"}
{"x":[50.3751963525,45.0390282112,0.000001],"error":0.2435995524,"datetime":"28\/10\/2023 12:57:01"}
{"x":[51.430553114,45.372611067,0.000001],"error":0.2435985766,"datetime":"28\/10\/2023 12:57:01"}
{"x":[51.8036779739,41.9202973267,0.000001],"error":0.2436033413,"datetime":"28\/10\/2023 12:57:01"}
{"x":[48.8245808428,45.500968782,0.000001],"error":0.2436009461,"datetime":"28\/10\/2023 12:57:01"}
{"x":[51.9690697613,44.8940490718,0.000001],"error":0.2435987271,"datetime":"28\/10\/2023 12:57:01"}
{"x":[51.4018887744,47.621128487,0.000001],"error":0.2435976505,"datetime":"28\/10\/2023 12:57:02"}
{"x":[51.8422137978,49.1979632737,0.000001],"error":0.24359719,"datetime":"28\/10\/2023 12:57:02"}
{"x":[54.6699769393,47.4754468264,0.000001],"error":0.2435951314,"datetime":"28\/10\/2023 12:57:02"}
{"x":[56.6184423048,48.1336061745,0.000001],"error":0.2435938192,"datetime":"28\/10\/2023 12:57:02"}
{"x":[54.6250697165,50.0,0.000001],"error":0.243593951,"datetime":"28\/10\/2023 12:57:02"}
{"x":[57.2932640987,50.0,0.000001],"error":0.2435919926,"datetime":"28\/10\/2023 12:57:02"}
{"x":[59.2475010935,50.0,0.000001],"error":0.2435913171,"datetime":"28\/10\/2023 12:57:02"}
{"x":[61.8184616121,49.5577741759,0.000001],"error":0.2435919705,"datetime":"28\/10\/2023 12:57:02"}
{"x":[63.8312002905,48.4609202336,0.000001],"error":0.2435950186,"datetime":"28\/10\/2023 12:57:02"}
{"x":[56.543013586,49.679358382,0.000001],"error":0.2435925952,"datetime":"28\/10\/2023 12:57:02"}
{"x":[61.7875418896,50.0,0.000001],"error":0.2435912894,"datetime":"28\/10\/2023 12:57:02"}
{"x":[63.5105750846,50.0,0.000001],"error":0.2435917638,"datetime":"28\/10\/2023 12:57:02"}
{"x":[65.3593228108,50.0,0.000001],"error":0.2435926731,"datetime":"28\/10\/2023 12:57:02"}
{"x":[58.3797446745,49.7515388028,0.000001],"error":0.2435917636,"datetime":"28\/10\/2023 12:57:03"}
{"x":[57.7913968264,50.0,0.000001],"error":0.2435917627,"datetime":"28\/10\/2023 12:57:03"}
{"x":[60.8378818652,50.0,0.000001],"error":0.2435911938,"datetime":"28\/10\/2023 12:57:03"}
{"x":[61.6572609287,50.0,0.000001],"error":0.2435912691,"datetime":"28\/10\/2023 12:57:03"}
{"x":[63.4572197392,50.0,0.000001],"error":0.2435917435,"datetime":"28\/10\/2023 12:57:03"}
{"x":[62.2768399657,50.0,0.000001],"error":0.2435913856,"datetime":"28\/10\/2023 12:57:03"}
{"x":[58.9717765999,50.0,0.000001],"error":0.2435913763,"datetime":"28\/10\/2023 12:57:03"}
{"x":[59.6603314678,50.0,0.000001],"error":0.2435912497,"datetime":"28\/10\/2023 12:57:03"}
{"x":[62.2763357215,50.0,0.000001],"error":0.2435913855,"datetime":"28\/10\/2023 12:57:03"}
{"x":[59.8785083077,50.0,0.000001],"error":0.2435912243,"datetime":"28\/10\/2023 12:57:03"}
{"x":[58.4636058708,50.0,0.000001],"error":0.2435915158,"datetime":"28\/10\/2023 12:57:03"}
{"x":[61.095055219,50.0,0.000001],"error":0.2435912076,"datetime":"28\/10\/2023 12:57:03"}
{"x":[61.5472987935,50.0,0.000001],"error":0.2435912537,"datetime":"28\/10\/2023 12:57:03"}
{"x":[60.0534496606,50.0,0.000001],"error":0.2435912089,"datetime":"28\/10\/2023 12:57:04"}
{"x":[61.4457495222,50.0,0.000001],"error":0.2435912409,"datetime":"28\/10\/2023 12:57:04"}
{"x":[60.2050168941,50.0,0.000001],"error":0.2435911992,"datetime":"28\/10\/2023 12:57:04"}
{"x":[61.3718529916,50.0,0.000001],"error":0.2435912325,"datetime":"28\/10\/2023 12:57:04"}
{"x":[60.3281170212,50.0,0.000001],"error":0.2435911937,"datetime":"28\/10\/2023 12:57:04"}
{"x":[59.8189553013,50.0,0.000001],"error":0.2435912306,"datetime":"28\/10\/2023 12:57:04"}
{"x":[60.8292010695,50.0,0.000001],"error":0.2435911935,"datetime":"28\/10\/2023 12:57:04"}
{"x":[61.1251164099,50.0,0.000001],"error":0.2435912098,"datetime":"28\/10\/2023 12:57:04"}
{"x":[60.3967042932,50.0,0.000001],"error":0.2435911916,"datetime":"28\/10\/2023 12:57:04"}
{"x":[60.1981330574,50.0,0.000001],"error":0.2435911996,"datetime":"28\/10\/2023 12:57:04"}
{"x":[60.7046008636,50.0,0.000001],"error":0.2435911903,"datetime":"28\/10\/2023 12:57:04"}
{"x":[60.9588871296,50.0,0.000001],"error":0.2435911991,"datetime":"28\/10\/2023 12:57:04"}
{"x":[60.4595274605,50.0,0.000001],"error":0.2435911902,"datetime":"28\/10\/2023 12:57:04"}
{"x":[60.2113540087,50.0,0.000001],"error":0.2435911989,"datetime":"28\/10\/2023 12:57:04"}
{"x":[60.7004829318,50.0,0.000001],"error":0.2435911902,"datetime":"28\/10\/2023 12:57:05"}
{"x":[60.8463698774,50.0,0.000001],"error":0.2435911941,"datetime":"28\/10\/2023 12:57:05"}
{"x":[60.4903846232,50.0,0.000001],"error":0.2435911898,