{"raw_weights":{},"x0":[56.691684321,21.5372072745,9.4073834521],"x_description":["k1","k-1","k2"],"bounds":[[0.000001,100],[0,50],[0.000001,100]],"maxiter":50000,"datetime":"28\/10\/2023 12:56:57"}
