{"raw_weights":{},"x0":[90.5604277634,3.8613396606,27.2569763193],"x_description":["k1","k-1","k2"],"bounds":[[0.000001,100],[0,50],[0.000001,100]],"maxiter":50000,"datetime":"28\/10\/2023 12:57:16"}
