{"x":[78.1117591006,30.2923514785,70.980119331],"error":0.9274189718,"datetime":"28\/10\/2023 12:57:00"}
{"x":[82.0173470557,30.2923514785,70.980119331],"error":0.9274527582,"datetime":"28\/10\/2023 12:57:00"}
{"x":[78.1117591006,31.8069690525,70.980119331],"error":0.9274082353,"datetime":"28\/10\/2023 12:57:00"}
{"x":[78.1117591006,30.2923514785,74.5291252976],"error":0.9274375004,"datetime":"28\/10\/2023 12:57:01"}
{"x":[74.2061711456,31.3020965278,73.3461233087],"error":0.9273871195,"datetime":"28\/10\/2023 12:57:01"}
{"x":[71.6024458422,31.6386782109,74.1347913013],"error":0.9273615229,"datetime":"28\/10\/2023 12:57:01"}
{"x":[73.7722169284,32.1996476828,69.5342280113],"error":0.9273536795,"datetime":"28\/10\/2023 12:57:01"}
{"x":[72.325702871,32.8354130842,67.8692622492],"error":0.9273220217,"datetime":"28\/10\/2023 12:57:01"}
{"x":[69.9148461086,33.8950220865,71.0093292567],"error":0.9273060968,"datetime":"28\/10\/2023 12:57:01"}
{"x":[67.1825417779,35.0959122891,71.0190658986],"error":0.9272618459,"datetime":"28\/10\/2023 12:57:02"}
{"x":[62.6287012268,34.573033337,71.035293635],"error":0.9272018295,"datetime":"28\/10\/2023 12:57:02"}
{"x":[57.4676819355,35.4950547652,71.0536850697],"error":0.9271065835,"datetime":"28\/10\/2023 12:57:02"}
{"x":[59.7148385473,37.3122418814,65.8265508437],"error":0.9270851777,"datetime":"28\/10\/2023 12:57:02"}
{"x":[55.7523027823,39.2034297715,63.0571373579],"error":0.9269590199,"datetime":"28\/10\/2023 12:57:02"}
{"x":[47.9426481262,40.3608514664,68.8839966348],"error":0.9268133213,"datetime":"28\/10\/2023 12:57:02"}
{"x":[39.8149632113,42.8693309272,69.22224143],"error":0.9264977893,"datetime":"28\/10\/2023 12:57:02"}
{"x":[34.8407568415,43.2826313535,64.5363100065],"error":0.9261752712,"datetime":"28\/10\/2023 12:57:03"}
{"x":[24.0601618627,46.0115377082,62.3753913758],"error":0.9251339507,"datetime":"28\/10\/2023 12:57:03"}
{"x":[22.2839366354,49.8944775061,58.7161617061],"error":0.9246563838,"datetime":"28\/10\/2023 12:57:03"}
{"x":[10.5560215354,50.0,54.6036539182],"error":0.9203559007,"datetime":"28\/10\/2023 12:57:03"}
{"x":[0.000001,50.0,61.0770537915],"error":0.244847983,"datetime":"28\/10\/2023 12:57:03"}
{"x":[0.000001,50.0,60.4170259361],"error":0.2448481155,"datetime":"28\/10\/2023 12:57:03"}
{"x":[0.000001,50.0,49.481824627],"error":0.2448501867,"datetime":"28\/10\/2023 12:57:03"}
{"x":[0.000001,50.0,47.7329635154],"error":0.2448504581,"datetime":"28\/10\/2023 12:57:03"}
{"x":[0.000001,50.0,50.9242407044],"error":0.2448499626,"datetime":"28\/10\/2023 12:57:03"}
{"x":[0.000001,50.0,59.9224492332],"error":0.2448482144,"datetime":"28\/10\/2023 12:57:03"}
{"x":[0.000001,50.0,65.1340045258],"error":0.2448471611,"datetime":"28\/10\/2023 12:57:03"}
{"x":[0.000001,50.0,70.3513978254],"error":0.2448460892,"datetime":"28\/10\/2023 12:57:03"}
{"x":[0.000001,50.0,76.6430265291],"error":0.2448447845,"datetime":"28\/10\/2023 12:57:03"}
{"x":[0.000001,50.0,85.2159551373],"error":0.2448430069,"datetime":"28\/10\/2023 12:57:03"}
{"x":[0.000001,50.0,84.5071552695],"error":0.2448431531,"datetime":"28\/10\/2023 12:57:03"}
{"x":[0.000001,50.0,98.9726183633],"error":0.2448402198,"datetime":"28\/10\/2023 12:57:03"}
{"x":[0.000001,50.0,100.0],"error":0.2448400171,"datetime":"28\/10\/2023 12:57:03"}
{"x":[0.000001,50.0,100.0],"error":0.2448400171,"datetime":"28\/10\/2023 12:57:03"}
{"x":[0.000001,50.0,100.0],"error":0.2448400171,"datetime":"28\/10\/2023 12:57:03"}
{"x":[0.000001,50.0,100.0],"error":0.2448400171,"datetime":"28\/10\/2023 12:57:03"}
{"x":[0.000001,50.0,100.0],"error":0.2448400171,"datetime":"28\/10\/2023 12:57:03"}
