{"raw_weights":{},"x0":[78.1117591006,30.2923514785,70.980119331],"x_description":["k1","k-1","k2"],"bounds":[[0.000001,100],[0,50],[0.000001,100]],"maxiter":50000,"datetime":"28\/10\/2023 12:57:00"}
