{"x":[26.1612141633,14.9245571707,81.4225742452],"error":0.9263383548,"datetime":"28\/10\/2023 12:56:53"}
{"x":[27.4692748715,14.9245571707,81.4225742452],"error":0.9264289318,"datetime":"28\/10\/2023 12:56:53"}
{"x":[26.1612141633,15.6707850292,81.4225742452],"error":0.9263236251,"datetime":"28\/10\/2023 12:56:53"}
{"x":[26.1612141633,14.9245571707,85.4937029575],"error":0.9263613524,"datetime":"28\/10\/2023 12:56:54"}
{"x":[24.8531534552,15.4220424097,84.1366600534],"error":0.9262441449,"datetime":"28\/10\/2023 12:56:54"}
{"x":[23.981112983,15.5878708227,85.0413553228],"error":0.9261730328,"datetime":"28\/10\/2023 12:56:54"}
{"x":[24.7078133765,15.8642515111,79.7639662513],"error":0.9261956348,"datetime":"28\/10\/2023 12:56:54"}
{"x":[23.7388795186,16.4907144047,82.729356301],"error":0.9261181353,"datetime":"28\/10\/2023 12:56:54"}
{"x":[22.931434637,17.012766816,83.1649503196],"error":0.9260342069,"datetime":"28\/10\/2023 12:56:54"}
{"x":[21.5856931677,16.6391410706,83.8909403506],"error":0.9259092356,"datetime":"28\/10\/2023 12:56:54"}
{"x":[20.0605195025,16.9619264178,84.7137290524],"error":0.9257278192,"datetime":"28\/10\/2023 12:56:55"}
{"x":[19.9408980385,17.1774578599,88.8493902118],"error":0.92573599,"datetime":"28\/10\/2023 12:56:55"}
{"x":[17.9741218023,18.5135632397,86.1106910664],"error":0.9254001747,"datetime":"28\/10\/2023 12:56:55"}
{"x":[15.9717914087,19.4887940454,86.4671363143],"error":0.9250112393,"datetime":"28\/10\/2023 12:56:55"}
{"x":[14.3840379961,18.739352066,90.1885533994],"error":0.9247088911,"datetime":"28\/10\/2023 12:56:55"}
{"x":[11.5349057825,19.3148804827,92.529754426],"error":0.9238201846,"datetime":"28\/10\/2023 12:56:55"}
{"x":[11.7705797572,19.9996094373,86.95768965],"error":0.9238213187,"datetime":"28\/10\/2023 12:56:56"}
{"x":[6.1243317965,22.2402628925,92.5893245412],"error":0.9195009045,"datetime":"28\/10\/2023 12:56:56"}
{"x":[1.4789358945,23.9997083841,95.2145230374],"error":0.7211298848,"datetime":"28\/10\/2023 12:56:56"}
{"x":[0.5511562142,22.7206714907,96.667508428],"error":0.2891655472,"datetime":"28\/10\/2023 12:56:56"}
{"x":[0.000001,23.7979639725,100.0],"error":0.2448433356,"datetime":"28\/10\/2023 12:56:56"}
{"x":[0.000001,24.7420924555,100.0],"error":0.2448432201,"datetime":"28\/10\/2023 12:56:56"}
{"x":[0.000001,26.3229201283,100.0],"error":0.2448430259,"datetime":"28\/10\/2023 12:56:56"}
{"x":[0.000001,30.0988478405,100.0],"error":0.2448425577,"datetime":"28\/10\/2023 12:56:56"}
{"x":[0.000001,33.6935036264,100.0],"error":0.2448421072,"datetime":"28\/10\/2023 12:56:56"}
{"x":[0.000001,31.8765501007,100.0],"error":0.2448423354,"datetime":"28\/10\/2023 12:56:56"}
{"x":[0.000001,37.4640185978,100.0],"error":0.24484163,"datetime":"28\/10\/2023 12:56:56"}
{"x":[0.000001,42.0193701396,100.0],"error":0.2448410478,"datetime":"28\/10\/2023 12:56:56"}
{"x":[0.000001,45.4033624496,100.0],"error":0.2448406121,"datetime":"28\/10\/2023 12:56:56"}
{"x":[0.000001,50.0,100.0],"error":0.2448400171,"datetime":"28\/10\/2023 12:56:56"}
{"x":[0.000001,50.0,100.0],"error":0.2448400171,"datetime":"28\/10\/2023 12:56:56"}
{"x":[0.000001,50.0,100.0],"error":0.2448400171,"datetime":"28\/10\/2023 12:56:56"}
{"x":[0.000001,50.0,100.0],"error":0.2448400171,"datetime":"28\/10\/2023 12:56:56"}
{"x":[0.000001,50.0,100.0],"error":0.2448400171,"datetime":"28\/10\/2023 12:56:56"}
