{"raw_weights":{},"x0":[26.1612141633,14.9245571707,81.4225742452],"x_description":["k1","k-1","k2"],"bounds":[[0.000001,100],[0,50],[0.000001,100]],"maxiter":50000,"datetime":"28\/10\/2023 12:56:49"}
