{"raw_weights":{},"x0":[0.4028253453,43.6088457135,24.2742395177],"x_description":["k1","k-1","k2"],"bounds":[[0.000001,100],[0,50],[0.000001,100]],"maxiter":50000,"datetime":"28\/10\/2023 12:57:08"}
