{"x":[70.4153034572,33.0834360401,6.8993245542],"error":0.9227760009,"datetime":"28\/10\/2023 12:57:10"}
{"x":[73.9360686301,33.0834360401,6.8993245542],"error":0.9229506842,"datetime":"28\/10\/2023 12:57:10"}
{"x":[70.4153034572,34.7376078421,6.8993245542],"error":0.9226252928,"datetime":"28\/10\/2023 12:57:10"}
{"x":[70.4153034572,33.0834360401,7.2442907819],"error":0.9230189742,"datetime":"28\/10\/2023 12:57:11"}
{"x":[72.7624802391,34.1862172415,6.5543583265],"error":0.922528332,"datetime":"28\/10\/2023 12:57:11"}
{"x":[73.5448724997,34.5538109752,6.3243808414],"error":0.9223396024,"datetime":"28\/10\/2023 12:57:11"}
{"x":[68.980917646,35.1664671982,6.5160287456],"error":0.9221905859,"datetime":"28\/10\/2023 12:57:11"}
{"x":[67.3292006514,35.8608109176,6.3882634761],"error":0.9219025524,"datetime":"28\/10\/2023 12:57:11"}
{"x":[70.4442809483,37.0180504498,6.1753213602],"error":0.9217779728,"datetime":"28\/10\/2023 12:57:11"}
{"x":[70.4539401121,38.3295885864,5.9339869623],"error":0.921390169,"datetime":"28\/10\/2023 12:57:12"}
{"x":[70.4700387182,37.7585324773,5.5317629656],"error":0.9209809476,"datetime":"28\/10\/2023 12:57:12"}
{"x":[70.4882838052,38.7655073557,5.0759091028],"error":0.9202243181,"datetime":"28\/10\/2023 12:57:12"}
{"x":[65.3027438794,40.7501269312,5.2743921861],"error":0.919824237,"datetime":"28\/10\/2023 12:57:12"}
{"x":[62.5553676726,42.8155655832,4.9243959676],"error":0.9185717498,"datetime":"28\/10\/2023 12:57:12"}
{"x":[68.3358604085,44.0796300994,4.234597879],"error":0.9173168222,"datetime":"28\/10\/2023 12:57:12"}
{"x":[68.6714136609,46.8192364933,3.5167093466],"error":0.9127389318,"datetime":"28\/10\/2023 12:57:13"}
{"x":[64.0227699805,47.2706177018,3.0773559824],"error":0.9037820539,"datetime":"28\/10\/2023 12:57:13"}
{"x":[61.8790466033,50.0,2.1251456558],"error":0.8336801275,"datetime":"28\/10\/2023 12:57:13"}
{"x":[58.2489348193,50.0,1.9682582106],"error":0.7950322783,"datetime":"28\/10\/2023 12:57:13"}
{"x":[54.1691518239,50.0,0.9323745799],"error":0.3893913645,"datetime":"28\/10\/2023 12:57:13"}
{"x":[60.5910403862,50.0,0.000001],"error":0.2435911892,"datetime":"28\/10\/2023 12:57:13"}
{"x":[59.936264624,50.0,0.000001],"error":0.2435912188,"datetime":"28\/10\/2023 12:57:13"}
{"x":[49.0880788813,50.0,0.000001],"error":0.2436025629,"datetime":"28\/10\/2023 12:57:13"}
{"x":[47.3531341244,50.0,0.000001],"error":0.2436067582,"datetime":"28\/10\/2023 12:57:13"}
{"x":[50.519017104,50.0,0.000001],"error":0.2435996783,"datetime":"28\/10\/2023 12:57:14"}
{"x":[59.4456234566,50.0,0.000001],"error":0.2435912816,"datetime":"28\/10\/2023 12:57:14"}
{"x":[64.6157084165,50.0,0.000001],"error":0.2435922598,"datetime":"28\/10\/2023 12:57:14"}
{"x":[72.5825644023,50.0,0.000001],"error":0.2435995592,"datetime":"28\/10\/2023 12:57:14"}
{"x":[67.9859920484,50.0,0.000001],"error":0.2435946081,"datetime":"28\/10\/2023 12:57:14"}
{"x":[55.1155894578,50.0,0.000001],"error":0.2435934948,"datetime":"28\/10\/2023 12:57:14"}
{"x":[57.7969233308,50.0,0.000001],"error":0.2435917603,"datetime":"28\/10\/2023 12:57:14"}
{"x":[53.9400163659,50.0,0.000001],"error":0.2435946649,"datetime":"28\/10\/2023 12:57:14"}
{"x":[62.391605906,50.0,0.000001],"error":0.2435914127,"datetime":"28\/10\/2023 12:57:14"}
{"x":[63.8219231683,50.0,0.000001],"error":0.2435918889,"datetime":"28\/10\/2023 12:57:14"}
{"x":[59.0521316303,50.0,0.000001],"error":0.2435913578,"datetime":"28\/10\/2023 12:57:14"}
{"x":[57.0009244094,50.0,0.000001],"error":0.2435921466,"datetime":"28\/10\/2023 12:57:14"}
{"x":[61.2685472609,50.0,0.000001],"error":0.243591222,"datetime":"28\/10\/2023 12:57:14"}
{"x":[61.8180091055,50.0,0.000001],"error":0.2435912944,"datetime":"28\/10\/2023 12:57:14"}
{"x":[61.2417846315,50.0,0.000001],"error":0.2435912195,"datetime":"28\/10\/2023 12:57:14"}
{"x":[62.6219580624,50.0,0.000001],"error":0.2435914721,"datetime":"28\/10\/2023 12:57:15"}
{"x":[60.1073598328,50.0,0.000001],"error":0.2435912051,"datetime":"28\/10\/2023 12:57:15"}
{"x":[60.0249093061,50.0,0.000001],"error":0.2435912112,"datetime":"28\/10\/2023 12:57:15"}
{"x":[59.2404217186,50.0,0.000001],"error":0.2435913184,"datetime":"28\/10\/2023 12:57:15"}
{"x":[60.8248340246,50.0,0.000001],"error":0.2435911933,"datetime":"28\/10\/2023 12:57:15"}
{"x":[60.9905801896,50.0,0.000001],"error":0.2435912009,"datetime":"28\/10\/2023 12:57:15"}
{"x":[61.4969432341,50.0,0.000001],"error":0.2435912472,"datetime":"28\/10\/2023 12:57:15"}
{"x":[60.3968563748,50.0,0.000001],"error":0.2435911916,"datetime":"28\/10\/2023 12:57:15"}
{"x":[60.2179070007,50.0,0.000001],"error":0.2435911985,"datetime":"28\/10\/2023 12:57:15"}
{"x":[60.3788805818,50.0,0.000001],"error":0.2435911921,"datetime":"28\/10\/2023 12:57:15"}
{"x":[60.0863508705,50.0,0.000001],"error":0.2435912066,"datetime":"28\/10\/2023 12:57:15"}
{"x":[60.6709833675,50.0,0.000001],"error":0.2435911897,"datetime":"28\/10\/2023 12:57:15"}
{"x":[60.7270395039,50.0,0.000001],"error":0.2435911907,"datetime":"28\/10\/2023 12:57:15"}
{"x":[60.929185797,50.0,0.000001],"error":0.2435911976,"datetime":"28\/10\/2023 12:57:16"}
{"x":[60.5077583377,50.0,0.000001],"error":0.2435911896,"datetime":"28\/10\/2023 12:57:16"}
{"x":[60.4528152237,50.0,0.000001],"error":0.2435911904,"datetime":"28\/10\/2023 12:57:16"}
{"x":[60.5099452821,50.0,0.000001],"error":0.2435911895,"datetime":"28\/10\/2023 12:57:16"}
{"x":[60.4015126365,50.0,0.000001],"error":0.2435911915,"datetime":"28\/10\/2023 12:57:16"}
{"x":[60.6148436319,50.0,0.000001],"error":0.2435911893,"datetime":"28\/10\/2023 12:57:16"}
{"x":[60.6361278624,50.0,0.000001],"error":0.2435911894,"datetime":"28\/10\/2023 12:57:16"}
{"x":[60.7180626382,50.0,0.000001],"error":0.2435911905,"datetime":"28\/10\/2023 12:57:16"}
{"x":[60.5533030646,50.0,0.000001],"error":0.2435911892,"datetime":"28\/10\/2023 12:57:16"}
{"x":[60.5366635261,50.0,0.000001],"error":0.2435911893,"datetime":"28\/10\/2023 12:57:16"}
{"x":[60.5573852628,50.0,0.000001],"error":0.2435911892,"datetime":"28\/10\/2023 12:57:16"}
{"x":[60.5196421772,50.0,0.000001],"error":0.2435911895,"datetime":"28\/10\/2023 12:57:16"}
{"x":[60.5950099955,50.0,0.000001],"error":0.2435911892,"datetime":"28\/10\/2023 12:57:16"}
{"x":[60.608987365,50.0,0.000001],"error":0.2435911892,"datetime":"28\/10\/2023 12:57:17"}
{"x":[60.5973864691,50.0,0.000001],"error":0.2435911892,"datetime":"28\/10\/2023 12:57:17"}
{"x":[60.6315726377,50.0,0.000001],"error":0.2435911894,"datetime":"28\/10\/2023 12:57:17"}
{"x":[60.5728409659,50.0,0.000001],"error":0.2435911892,"datetime":"28\/10\/2023 12:57:17"}
{"x":[60.5752077626,50.0,0.000001],"error":0.2435911892,"datetime":"28\/10\/2023 12:57:17"}
{"x":[60.5678148604,50.0,0.000001],"error":0.2435911892,"datetime":"28\/10\/2023 12:57:17"}
{"x":[60.5643827476,50.0,0.000001],"error":0.2435911892,"datetime":"28\/10\/2023 12:57:17"}
{"x":[60.5886293188,50.0,0.000001],"error":0.2435911892,"datetime":"28\/10\/2023 12:57:17"}
{"x":[60.5667449787,50.0,0.000001],"error":0.2435911892,"datetime":"28\/10\/2023 12:57:17"}
{"x":[60.585978843,50.0,0.000001],"error":0.2435911892,"datetime":"28\/10\/2023 12:57:17"}
{"x":[60.5937029837,50.0,0.000001],"error":0.2435911892,"datetime":"28\/10\/2023 12:57:17"}
{"x":[60.5771872196,50.0,0.000001],"error":0.2435911892,"datetime":"28\/10\/2023 12:57:17"}
{"x":[60.5702865646,50.0,0.000001],"error":0.2435911892,"datetime":"28\/10\/2023 12:57:17"}
{"x":[60.5848079117,50.0,0.000001],"error":0.2435911892,"datetime":"28\/10\/2023 12:57:17"}
{"x":[60.5901082203,50.0,0.000001],"error":0.2435911892,"datetime":"28\/10\/2023 12:57:18"}
{"x":[60.5783120246,50.0,0.000001],"error":0.2435911892,"datetime":"28\/10\/2023 12:57:18"}
{"x":[60.5742259277,50.0,0.000001],"error":0.2435911892,"datetime":"28\/10\/2023 12:57:18"}
{"x":[60.5835303189,50.0,0.000001],"error":0.2435911892,"datetime":"28\/10\/2023 12:57:18"}
{"x":[60.5872462839,50.0,0.000001],"error":0.2435911892,"datetime":"28\/10\/2023 12:57:18"}
{"x":[60.579282858,50.0,0.000001],