{"raw_weights":{},"x0":[70.4153034572,33.0834360401,6.8993245542],"x_description":["k1","k-1","k2"],"bounds":[[0.000001,100],[0,50],[0.000001,100]],"maxiter":50000,"datetime":"28\/10\/2023 12:57:10"}
