{"x":[16.0242838772,28.6114747736,37.713556019],"error":0.9233518215,"datetime":"28\/10\/2023 12:57:07"}
{"x":[16.8254980711,28.6114747736,37.713556019],"error":0.9235770624,"datetime":"28\/10\/2023 12:57:07"}
{"x":[16.0242838772,30.0420485123,37.713556019],"error":0.9232501228,"datetime":"28\/10\/2023 12:57:07"}
{"x":[16.0242838772,28.6114747736,39.59923382],"error":0.9234692702,"datetime":"28\/10\/2023 12:57:08"}
{"x":[15.2230696834,29.5651905994,38.970674553],"error":0.9231167867,"datetime":"28\/10\/2023 12:57:08"}
{"x":[14.6889268875,29.8830958747,39.3897140643],"error":0.9229401001,"datetime":"28\/10\/2023 12:57:08"}
{"x":[15.1340458841,30.4129380001,36.9453169149],"error":0.9228810961,"datetime":"28\/10\/2023 12:57:08"}
{"x":[14.8372998863,31.0134257423,36.0606779466],"error":0.9226593703,"datetime":"28\/10\/2023 12:57:08"}
{"x":[14.3427232235,32.0142386459,37.7290760009],"error":0.9225273625,"datetime":"28\/10\/2023 12:57:08"}
{"x":[13.7822030055,33.1484932699,37.7342493282],"error":0.9222071787,"datetime":"28\/10\/2023 12:57:08"}
{"x":[12.8480026423,32.6546280789,37.7428715404],"error":0.9218224433,"datetime":"28\/10\/2023 12:57:09"}
{"x":[11.7892422307,33.5254879345,37.7526433808],"error":0.9211689961,"datetime":"28\/10\/2023 12:57:09"}
{"x":[12.2502365275,35.2418420898,34.9753330394],"error":0.920970128,"datetime":"28\/10\/2023 12:57:09"}
{"x":[11.4373397409,37.0280908282,33.5038726978],"error":0.9200401832,"datetime":"28\/10\/2023 12:57:09"}
{"x":[9.8352234317,38.1212889462,36.5998323247],"error":0.9189512719,"datetime":"28\/10\/2023 12:57:09"}
{"x":[8.1678646135,40.4905766808,36.7795504507],"error":0.9159690897,"datetime":"28\/10\/2023 12:57:09"}
{"x":[7.1474280512,40.8809436924,34.2897950247],"error":0.9113742229,"datetime":"28\/10\/2023 12:57:09"}
{"x":[4.9358363998,43.4584271665,33.1416435902],"error":0.8778643556,"datetime":"28\/10\/2023 12:57:09"}
{"x":[4.5714516055,47.1259085159,31.1974011117],"error":0.8496264717,"datetime":"28\/10\/2023 12:57:10"}
{"x":[2.1655213971,50.0,29.0123203553],"error":0.5379132556,"datetime":"28\/10\/2023 12:57:10"}
{"x":[0.000001,50.0,32.4518035663],"error":0.2448528469,"datetime":"28\/10\/2023 12:57:10"}
{"x":[0.000001,50.0,32.1011138558],"error":0.2448529024,"datetime":"28\/10\/2023 12:57:10"}
{"x":[0.000001,50.0,26.2909612238],"error":0.2448538428,"datetime":"28\/10\/2023 12:57:10"}
{"x":[0.000001,50.0,25.3617465067],"error":0.2448539974,"datetime":"28\/10\/2023 12:57:10"}
{"x":[0.000001,50.0,27.0573538426],"error":0.2448537165,"datetime":"28\/10\/2023 12:57:10"}
{"x":[0.000001,50.0,31.8383325818],"error":0.2448529442,"datetime":"28\/10\/2023 12:57:10"}
{"x":[0.000001,50.0,34.6073654366],"error":0.2448525063,"datetime":"28\/10\/2023 12:57:10"}
{"x":[0.000001,50.0,37.3795001742],"error":0.2448520714,"datetime":"28\/10\/2023 12:57:10"}
{"x":[0.000001,50.0,40.7224037056],"error":0.2448515493,"datetime":"28\/10\/2023 12:57:10"}
{"x":[0.000001,50.0,45.2774203266],"error":0.2448508402,"datetime":"28\/10\/2023 12:57:10"}
{"x":[0.000001,50.0,44.9008167963],"error":0.2448508988,"datetime":"28\/10\/2023 12:57:10"}
{"x":[0.000001,50.0,52.5866879652],"error":0.2448496514,"datetime":"28\/10\/2023 12:57:10"}
{"x":[0.000001,50.0,59.2983160981],"error":0.2448483389,"datetime":"28\/10\/2023 12:57:10"}
{"x":[0.000001,50.0,62.2715353065],"error":0.2448477423,"datetime":"28\/10\/2023 12:57:10"}
{"x":[0.000001,50.0,70.5688803505],"error":0.2448460442,"datetime":"28\/10\/2023 12:57:10"}
{"x":[0.000001,50.0,71.8622610538],"error":0.2448457763,"datetime":"28\/10\/2023 12:57:10"}
{"x":[0.000001,50.0,80.8494091396],"error":0.2448439105,"datetime":"28\/10\/2023 12:57:10"}
{"x":[0.000001,50.0,95.2003167323],"error":0.2448409719,"datetime":"28\/10\/2023 12:57:10"}
{"x":[0.000001,50.0,100.0],"error":0.2448400171,"datetime":"28\/10\/2023 12:57:10"}
{"x":[0.000001,50.0,100.0],"error":0.2448400171,"datetime":"28\/10\/2023 12:57:10"}
{"x":[0.000001,50.0,100.0],"error":0.2448400171,"datetime":"28\/10\/2023 12:57:10"}
{"x":[0.000001,50.0,100.0],"error":0.2448400171,"datetime":"28\/10\/2023 12:57:10"}
{"x":[0.000001,50.0,100.0],"error":0.2448400171,"datetime":"28\/10\/2023 12:57:10"}
