{"raw_weights":{},"x0":[16.0242838772,28.6114747736,37.713556019],"x_description":["k1","k-1","k2"],"bounds":[[0.000001,100],[0,50],[0.000001,100]],"maxiter":50000,"datetime":"28\/10\/2023 12:57:07"}
